reference,nom,categorie,sous_categorie,prix,stock,etat,couleur,taille,pointure,marque,matiere,genre,description_courte,description,note_produit,dossier_images,statut,nb_images,nb_videos,confiance_regroupement,controle_requis,fichiers_sources,prix_min_marche,prix_max_marche,prix_a_verifier,prix_source_logique,source_web,niveau_verification
PR001,Zara Sublime Epoque Eau de Parfum 80 ml,Parfums,Eau de parfum femme,25000,1,,,,,Zara,,Femme,"Zara Sublime Epoque Eau de Parfum 80 ml, une fragrance florale lumineuse mêlant bergamote, fleurs blanches, vanille et cèdre.","Zara Sublime Epoque Eau de Parfum – 80 ml

Une fragrance florale, lumineuse et sophistiquée pour femme. Le jasmin, la tubéreuse et la fleur d’oranger composent un bouquet blanc élégant et éclatant. La bergamote apporte une ouverture fraîche et délicate, tandis que la vanille et le cèdre installent un fond chaud, doux et enveloppant qui donne de la profondeur à la composition.

STRUCTURE OLFACTIVE
• Notes de tête : bergamote
• Notes de cœur : tubéreuse, fleur d’oranger et jasmin
• Notes de fond : vanille et cèdre

Sublime Epoque évolue d’une fraîcheur florale lumineuse vers une base plus douce, sucrée et chaleureuse. Son profil rappelle l’univers de certaines fragrances florales blanches haut de gamme, notamment Armani My Way, tout en conservant le positionnement accessible propre aux parfums Zara.

Contenance : 80 ml. Eau de parfum. Produit présenté avec son flacon et son emballage visibles sur la photographie.",produits/notes/PR001.txt,PR001,draft,1,0,media_unique_a_verifier,oui,00224cf8-03c0-463b-94d9-a4a25f464bfa.jpeg,21000,25000,oui,Prix indicatif pour une eau de parfum générique/non identifiée. Marque et contenance à confirmer.,https://www.zara.com/uk/en/sublime-epoque-edp-80ml---2-71-oz-p20110785.html,"Identité, contenance et pyramide olfactive vérifiées"
PR002,Sac à main femme,Sacs,Sac à main,12000,1,,,,,,,Femme,"Sac à main femme au style élégant, conçu pour accompagner les tenues du quotidien comme les occasions habillées.","Sac à main femme

Ce sac à main pour femme présente une silhouette élégante et soignée. Son format permet de transporter les essentiels du quotidien tout en conservant une allure structurée et féminine. Il peut accompagner une tenue de travail, une sortie en ville ou une occasion plus habillée.",produits/notes/PR002.txt,PR002,draft,1,0,media_unique_a_verifier,oui,0143c1d1-c02a-48c1-bac5-90b3c48e39ac.jpeg,10000,20000,oui,"Prix indicatif pour un sac à main femme générique, sans marque ni matière confirmées.",,Description enrichie ; marque et modèle à vérifier sur le média
PR003,Soin parfumé pour le corps,Beauté et soins,Soin corporel,3000,1,,,,,,,Femme,Soin corporel parfumé destiné à compléter une routine beauté quotidienne.,"Soin parfumé pour le corps

Ce soin parfumé pour le corps s’intègre dans une routine beauté et laisse la peau délicatement parfumée. Le produit et son conditionnement sont présentés sur le média associé.",produits/notes/PR003.txt,PR003,draft,1,0,media_unique_a_verifier,oui,02141239-6c24-4e1f-af87-474269d4544d.jpeg,2000,6000,oui,"Prix indicatif pour un soin corporel parfumé générique, contenance et marque non confirmées.",,Description enrichie ; informations d’étiquette à vérifier
PR004,Sac à main femme,Sacs,Sac à main,12000,1,,,,,,,Femme,"Sac à main femme au style élégant, conçu pour accompagner les tenues du quotidien comme les occasions habillées.","Sac à main femme

Ce sac à main pour femme présente une silhouette élégante et soignée. Son format permet de transporter les essentiels du quotidien tout en conservant une allure structurée et féminine. Il peut accompagner une tenue de travail, une sortie en ville ou une occasion plus habillée.",produits/notes/PR004.txt,PR004,draft,1,0,media_unique_a_verifier,oui,051cdef8-4863-4483-9fdf-fb3867e55cbb.jpeg,10000,20000,oui,"Prix indicatif pour un sac à main femme générique, sans marque ni matière confirmées.",,Description enrichie ; marque et modèle à vérifier sur le média
PR005,Sac à main femme,Sacs,Sac à main,12000,1,,,,,,,Femme,"Sac à main femme au style élégant, conçu pour accompagner les tenues du quotidien comme les occasions habillées.","Sac à main femme

Ce sac à main pour femme présente une silhouette élégante et soignée. Son format permet de transporter les essentiels du quotidien tout en conservant une allure structurée et féminine. Il peut accompagner une tenue de travail, une sortie en ville ou une occasion plus habillée.",produits/notes/PR005.txt,PR005,draft,1,0,media_unique_a_verifier,oui,05c0e7bc-085c-4842-b43c-cc6e5a33b3c9.jpeg,10000,20000,oui,"Prix indicatif pour un sac à main femme générique, sans marque ni matière confirmées.",,Description enrichie ; marque et modèle à vérifier sur le média
PR006,Eau de parfum,Parfums,Eau de parfum,10000,1,,,,,,,Mixte,"Eau de parfum présentée avec son flacon ou son emballage, destinée à compléter une collection de fragrances.","Eau de parfum

Cette fragrance est présentée avec son flacon ou son emballage visible sur le média associé. Elle convient à une utilisation quotidienne ou à des occasions particulières, selon son profil olfactif.

INFORMATIONS À CONFIRMER
• Nom commercial exact
• Marque
• Contenance
• Concentration et notes olfactives

Aucune pyramide olfactive ni comparaison avec une autre fragrance n’est ajoutée sans identification certaine du produit.",produits/notes/PR006.txt,PR006,draft,1,0,media_unique_a_verifier,oui,06bb548f-f97b-44ba-8103-4391144c3081.jpeg,6800,15000,oui,Prix indicatif pour une eau de parfum générique/non identifiée. Marque et contenance à confirmer.,,Produit non identifié avec une certitude suffisante
PR007,Bague fantaisie,Bijoux,Bague,5500,1,,,,,,,Femme,"Bague fantaisie décorative, idéale pour apporter une touche élégante à une tenue.","Bague fantaisie

Ce bijou fantaisie présente un style décoratif et peut être porté au quotidien ou lors d’une occasion particulière. Sa forme et ses détails sont visibles sur le média associé.",produits/notes/PR007.txt,PR007,draft,1,0,media_unique_a_verifier,oui,09653096-35be-4c44-bdfd-0653f29f5bf3.jpeg,3000,10000,oui,"Prix indicatif pour une bague fantaisie sans métal, pierre ou marque confirmés.",,Description enrichie ; matière et dimensions à vérifier
PR008,Sac à main femme,Sacs,Sac à main,12000,1,,,,,,,Femme,"Sac à main femme au style élégant, conçu pour accompagner les tenues du quotidien comme les occasions habillées.","Sac à main femme

Ce sac à main pour femme présente une silhouette élégante et soignée. Son format permet de transporter les essentiels du quotidien tout en conservant une allure structurée et féminine. Il peut accompagner une tenue de travail, une sortie en ville ou une occasion plus habillée.",produits/notes/PR008.txt,PR008,draft,1,0,media_unique_a_verifier,oui,096f5755-0733-420f-b38a-6bdbdeae8179.jpeg,10000,20000,oui,"Prix indicatif pour un sac à main femme générique, sans marque ni matière confirmées.",,Description enrichie ; marque et modèle à vérifier sur le média
PR009,Sac à main femme,Sacs,Sac à main,12000,1,,,,,,,Femme,"Sac à main femme au style élégant, conçu pour accompagner les tenues du quotidien comme les occasions habillées.","Sac à main femme

Ce sac à main pour femme présente une silhouette élégante et soignée. Son format permet de transporter les essentiels du quotidien tout en conservant une allure structurée et féminine. Il peut accompagner une tenue de travail, une sortie en ville ou une occasion plus habillée.",produits/notes/PR009.txt,PR009,draft,1,0,media_unique_a_verifier,oui,097d3e83-38e4-4f82-ae91-1c871ba6e54c.jpeg,10000,20000,oui,"Prix indicatif pour un sac à main femme générique, sans marque ni matière confirmées.",,Description enrichie ; marque et modèle à vérifier sur le média
PR010,Sac à main femme,Sacs,Sac à main,12000,1,,,,,,,Femme,"Sac à main femme au style élégant, conçu pour accompagner les tenues du quotidien comme les occasions habillées.","Sac à main femme

Ce sac à main pour femme présente une silhouette élégante et soignée. Son format permet de transporter les essentiels du quotidien tout en conservant une allure structurée et féminine. Il peut accompagner une tenue de travail, une sortie en ville ou une occasion plus habillée.",produits/notes/PR010.txt,PR010,draft,1,0,media_unique_a_verifier,oui,0a96034c-9355-4281-b6d5-227c2df3cafb.jpeg,10000,20000,oui,"Prix indicatif pour un sac à main femme générique, sans marque ni matière confirmées.",,Description enrichie ; marque et modèle à vérifier sur le média
PR011,Sac à main femme,Sacs,Sac à main,12000,1,,,,,,,Femme,"Sac à main femme au style élégant, conçu pour accompagner les tenues du quotidien comme les occasions habillées.","Sac à main femme

Ce sac à main pour femme présente une silhouette élégante et soignée. Son format permet de transporter les essentiels du quotidien tout en conservant une allure structurée et féminine. Il peut accompagner une tenue de travail, une sortie en ville ou une occasion plus habillée.",produits/notes/PR011.txt,PR011,draft,1,0,media_unique_a_verifier,oui,0c94b668-c588-4363-a562-2b0858ca0648.jpeg,10000,20000,oui,"Prix indicatif pour un sac à main femme générique, sans marque ni matière confirmées.",,Description enrichie ; marque et modèle à vérifier sur le média
PR012,Sac à main femme,Sacs,Sac à main,12000,1,,,,,,,Femme,"Sac à main femme au style élégant, conçu pour accompagner les tenues du quotidien comme les occasions habillées.","Sac à main femme

Ce sac à main pour femme présente une silhouette élégante et soignée. Son format permet de transporter les essentiels du quotidien tout en conservant une allure structurée et féminine. Il peut accompagner une tenue de travail, une sortie en ville ou une occasion plus habillée.",produits/notes/PR012.txt,PR012,draft,1,0,media_unique_a_verifier,oui,0d41dd8a-1262-4bc7-833c-4c1d8136b76c.jpeg,10000,20000,oui,"Prix indicatif pour un sac à main femme générique, sans marque ni matière confirmées.",,Description enrichie ; marque et modèle à vérifier sur le média
PR013,Sac à main femme,Sacs,Sac à main,12000,1,,,,,,,Femme,"Sac à main femme au style élégant, conçu pour accompagner les tenues du quotidien comme les occasions habillées.","Sac à main femme

Ce sac à main pour femme présente une silhouette élégante et soignée. Son format permet de transporter les essentiels du quotidien tout en conservant une allure structurée et féminine. Il peut accompagner une tenue de travail, une sortie en ville ou une occasion plus habillée.",produits/notes/PR013.txt,PR013,draft,1,0,media_unique_a_verifier,oui,0e0476ef-f764-45a5-8ca6-0564572d8b6d.jpeg,10000,20000,oui,"Prix indicatif pour un sac à main femme générique, sans marque ni matière confirmées.",,Description enrichie ; marque et modèle à vérifier sur le média
PR014,Sac à main femme,Sacs,Sac à main,12000,1,,,,,,,Femme,"Sac à main femme au style élégant, conçu pour accompagner les tenues du quotidien comme les occasions habillées.","Sac à main femme

Ce sac à main pour femme présente une silhouette élégante et soignée. Son format permet de transporter les essentiels du quotidien tout en conservant une allure structurée et féminine. Il peut accompagner une tenue de travail, une sortie en ville ou une occasion plus habillée.",produits/notes/PR014.txt,PR014,draft,1,0,media_unique_a_verifier,oui,0e95cbf5-6465-4adf-9c6b-2e20732fdcdc.jpeg,10000,20000,oui,"Prix indicatif pour un sac à main femme générique, sans marque ni matière confirmées.",,Description enrichie ; marque et modèle à vérifier sur le média
PR015,Sac à main femme,Sacs,Sac à main,12000,1,,,,,,,Femme,"Sac à main femme au style élégant, conçu pour accompagner les tenues du quotidien comme les occasions habillées.","Sac à main femme

Ce sac à main pour femme présente une silhouette élégante et soignée. Son format permet de transporter les essentiels du quotidien tout en conservant une allure structurée et féminine. Il peut accompagner une tenue de travail, une sortie en ville ou une occasion plus habillée.",produits/notes/PR015.txt,PR015,draft,1,0,media_unique_a_verifier,oui,0e963069-6a0e-42ee-ba89-81b40b3f1a6f.jpeg,10000,20000,oui,"Prix indicatif pour un sac à main femme générique, sans marque ni matière confirmées.",,Description enrichie ; marque et modèle à vérifier sur le média
PR016,Sac à main femme,Sacs,Sac à main,12000,1,,,,,,,Femme,"Sac à main femme au style élégant, conçu pour accompagner les tenues du quotidien comme les occasions habillées.","Sac à main femme

Ce sac à main pour femme présente une silhouette élégante et soignée. Son format permet de transporter les essentiels du quotidien tout en conservant une allure structurée et féminine. Il peut accompagner une tenue de travail, une sortie en ville ou une occasion plus habillée.",produits/notes/PR016.txt,PR016,draft,1,0,media_unique_a_verifier,oui,0ec56ac3-e432-4b10-a722-7d9785e6ba3b.jpeg,10000,20000,oui,"Prix indicatif pour un sac à main femme générique, sans marque ni matière confirmées.",,Description enrichie ; marque et modèle à vérifier sur le média
PR017,Eau de parfum,Parfums,Eau de parfum,10000,1,,,,,,,Mixte,"Eau de parfum présentée avec son flacon ou son emballage, destinée à compléter une collection de fragrances.","Eau de parfum

Cette fragrance est présentée avec son flacon ou son emballage visible sur le média associé. Elle convient à une utilisation quotidienne ou à des occasions particulières, selon son profil olfactif.

INFORMATIONS À CONFIRMER
• Nom commercial exact
• Marque
• Contenance
• Concentration et notes olfactives

Aucune pyramide olfactive ni comparaison avec une autre fragrance n’est ajoutée sans identification certaine du produit.",produits/notes/PR017.txt,PR017,draft,1,0,media_unique_a_verifier,oui,0f1515c4-132a-43e9-9306-989f6dd35cc8.jpeg,6800,15000,oui,Prix indicatif pour une eau de parfum générique/non identifiée. Marque et contenance à confirmer.,,Produit non identifié avec une certitude suffisante
PR018,Sac à main femme,Sacs,Sac à main,12000,1,,,,,,,Femme,"Sac à main femme au style élégant, conçu pour accompagner les tenues du quotidien comme les occasions habillées.","Sac à main femme

Ce sac à main pour femme présente une silhouette élégante et soignée. Son format permet de transporter les essentiels du quotidien tout en conservant une allure structurée et féminine. Il peut accompagner une tenue de travail, une sortie en ville ou une occasion plus habillée.",produits/notes/PR018.txt,PR018,draft,1,0,media_unique_a_verifier,oui,0fa45c1c-ff4c-4586-a5d4-84409f78fa02.jpeg,10000,20000,oui,"Prix indicatif pour un sac à main femme générique, sans marque ni matière confirmées.",,Description enrichie ; marque et modèle à vérifier sur le média
PR019,Eau de parfum,Parfums,Eau de parfum,10000,1,,,,,,,Mixte,"Eau de parfum présentée avec son flacon ou son emballage, destinée à compléter une collection de fragrances.","Eau de parfum

Cette fragrance est présentée avec son flacon ou son emballage visible sur le média associé. Elle convient à une utilisation quotidienne ou à des occasions particulières, selon son profil olfactif.

INFORMATIONS À CONFIRMER
• Nom commercial exact
• Marque
• Contenance
• Concentration et notes olfactives

Aucune pyramide olfactive ni comparaison avec une autre fragrance n’est ajoutée sans identification certaine du produit.",produits/notes/PR019.txt,PR019,draft,1,0,media_unique_a_verifier,oui,1062aa7c-ba4e-469a-9c9b-ec179ea234e4.jpeg,6800,15000,oui,Prix indicatif pour une eau de parfum générique/non identifiée. Marque et contenance à confirmer.,,Produit non identifié avec une certitude suffisante
PR020,Sac à main femme,Sacs,Sac à main,12000,1,,,,,,,Femme,"Sac à main femme au style élégant, conçu pour accompagner les tenues du quotidien comme les occasions habillées.","Sac à main femme

Ce sac à main pour femme présente une silhouette élégante et soignée. Son format permet de transporter les essentiels du quotidien tout en conservant une allure structurée et féminine. Il peut accompagner une tenue de travail, une sortie en ville ou une occasion plus habillée.",produits/notes/PR020.txt,PR020,draft,1,0,media_unique_a_verifier,oui,10e6e62f-4253-4ae8-a27d-09b72230961d.jpeg,10000,20000,oui,"Prix indicatif pour un sac à main femme générique, sans marque ni matière confirmées.",,Description enrichie ; marque et modèle à vérifier sur le média
PR021,Soin parfumé pour le corps,Beauté et soins,Soin corporel,3000,1,,,,,,,Femme,Soin corporel parfumé destiné à compléter une routine beauté quotidienne.,"Soin parfumé pour le corps

Ce soin parfumé pour le corps s’intègre dans une routine beauté et laisse la peau délicatement parfumée. Le produit et son conditionnement sont présentés sur le média associé.",produits/notes/PR021.txt,PR021,draft,1,0,media_unique_a_verifier,oui,117971df-62d2-4f10-882a-fb46eb4ef888.jpeg,2000,6000,oui,"Prix indicatif pour un soin corporel parfumé générique, contenance et marque non confirmées.",,Description enrichie ; informations d’étiquette à vérifier
PR022,Sac à main femme,Sacs,Sac à main,12000,1,,,,,,,Femme,"Sac à main femme au style élégant, conçu pour accompagner les tenues du quotidien comme les occasions habillées.","Sac à main femme

Ce sac à main pour femme présente une silhouette élégante et soignée. Son format permet de transporter les essentiels du quotidien tout en conservant une allure structurée et féminine. Il peut accompagner une tenue de travail, une sortie en ville ou une occasion plus habillée.",produits/notes/PR022.txt,PR022,draft,1,0,media_unique_a_verifier,oui,128dc04d-7c73-4f28-8f27-d1dc7e77032a.jpeg,10000,20000,oui,"Prix indicatif pour un sac à main femme générique, sans marque ni matière confirmées.",,Description enrichie ; marque et modèle à vérifier sur le média
PR023,Sac à main femme,Sacs,Sac à main,12000,1,,,,,,,Femme,"Sac à main femme au style élégant, conçu pour accompagner les tenues du quotidien comme les occasions habillées.","Sac à main femme

Ce sac à main pour femme présente une silhouette élégante et soignée. Son format permet de transporter les essentiels du quotidien tout en conservant une allure structurée et féminine. Il peut accompagner une tenue de travail, une sortie en ville ou une occasion plus habillée.",produits/notes/PR023.txt,PR023,draft,1,0,media_unique_a_verifier,oui,12f6aa57-eb97-4048-86ff-81f9915d756d.jpeg,10000,20000,oui,"Prix indicatif pour un sac à main femme générique, sans marque ni matière confirmées.",,Description enrichie ; marque et modèle à vérifier sur le média
PR024,Sac à main femme,Sacs,Sac à main,12000,1,,,,,,,Femme,"Sac à main femme au style élégant, conçu pour accompagner les tenues du quotidien comme les occasions habillées.","Sac à main femme

Ce sac à main pour femme présente une silhouette élégante et soignée. Son format permet de transporter les essentiels du quotidien tout en conservant une allure structurée et féminine. Il peut accompagner une tenue de travail, une sortie en ville ou une occasion plus habillée.",produits/notes/PR024.txt,PR024,draft,1,0,media_unique_a_verifier,oui,14e17608-788d-40b9-b872-75d02c65fa13.jpeg,10000,20000,oui,"Prix indicatif pour un sac à main femme générique, sans marque ni matière confirmées.",,Description enrichie ; marque et modèle à vérifier sur le média
PR025,Sac à main femme,Sacs,Sac à main,12000,1,,,,,,,Femme,"Sac à main femme au style élégant, conçu pour accompagner les tenues du quotidien comme les occasions habillées.","Sac à main femme

Ce sac à main pour femme présente une silhouette élégante et soignée. Son format permet de transporter les essentiels du quotidien tout en conservant une allure structurée et féminine. Il peut accompagner une tenue de travail, une sortie en ville ou une occasion plus habillée.",produits/notes/PR025.txt,PR025,draft,1,0,media_unique_a_verifier,oui,15fb2d1e-6428-4ac2-8558-fa008fde60a9.jpeg,10000,20000,oui,"Prix indicatif pour un sac à main femme générique, sans marque ni matière confirmées.",,Description enrichie ; marque et modèle à vérifier sur le média
PR026,Soin parfumé pour le corps,Beauté et soins,Soin corporel,3000,1,,,,,,,Femme,Soin corporel parfumé destiné à compléter une routine beauté quotidienne.,"Soin parfumé pour le corps

Ce soin parfumé pour le corps s’intègre dans une routine beauté et laisse la peau délicatement parfumée. Le produit et son conditionnement sont présentés sur le média associé.",produits/notes/PR026.txt,PR026,draft,1,0,media_unique_a_verifier,oui,189cf469-8abf-4e84-9c5c-96b89013e2ba.jpeg,2000,6000,oui,"Prix indicatif pour un soin corporel parfumé générique, contenance et marque non confirmées.",,Description enrichie ; informations d’étiquette à vérifier
PR027,Sac à main femme,Sacs,Sac à main,12000,1,,,,,,,Femme,"Sac à main femme au style élégant, conçu pour accompagner les tenues du quotidien comme les occasions habillées.","Sac à main femme

Ce sac à main pour femme présente une silhouette élégante et soignée. Son format permet de transporter les essentiels du quotidien tout en conservant une allure structurée et féminine. Il peut accompagner une tenue de travail, une sortie en ville ou une occasion plus habillée.",produits/notes/PR027.txt,PR027,draft,1,0,media_unique_a_verifier,oui,19d47597-08be-4945-bd24-7500765d89fe.jpeg,10000,20000,oui,"Prix indicatif pour un sac à main femme générique, sans marque ni matière confirmées.",,Description enrichie ; marque et modèle à vérifier sur le média
PR028,Sac à main femme,Sacs,Sac à main,12000,1,,,,,,,Femme,"Sac à main femme au style élégant, conçu pour accompagner les tenues du quotidien comme les occasions habillées.","Sac à main femme

Ce sac à main pour femme présente une silhouette élégante et soignée. Son format permet de transporter les essentiels du quotidien tout en conservant une allure structurée et féminine. Il peut accompagner une tenue de travail, une sortie en ville ou une occasion plus habillée.",produits/notes/PR028.txt,PR028,draft,1,0,media_unique_a_verifier,oui,1a2168a9-7b5b-40b7-a362-732164d015eb.jpeg,10000,20000,oui,"Prix indicatif pour un sac à main femme générique, sans marque ni matière confirmées.",,Description enrichie ; marque et modèle à vérifier sur le média
PR029,Déodorant corporel parfumé,Beauté et soins,Déodorant,3000,1,,,,,,,Mixte,Déodorant corporel parfumé pour une sensation de fraîcheur au quotidien.,"Déodorant corporel parfumé

Ce déodorant corporel parfumé est conçu pour compléter une routine de soin et apporter une sensation de fraîcheur. Son conditionnement et sa présentation sont visibles sur le média associé.",produits/notes/PR029.txt,PR029,draft,1,0,media_unique_a_verifier,oui,1a889576-205c-41b0-a49f-88dd02a5b562.jpeg,2500,5000,oui,"Prix indicatif pour un déodorant corporel générique, contenance et marque non confirmées.",,Description enrichie ; informations d’étiquette à vérifier
PR030,Sac à main femme,Sacs,Sac à main,12000,1,,,,,,,Femme,"Sac à main femme au style élégant, conçu pour accompagner les tenues du quotidien comme les occasions habillées.","Sac à main femme

Ce sac à main pour femme présente une silhouette élégante et soignée. Son format permet de transporter les essentiels du quotidien tout en conservant une allure structurée et féminine. Il peut accompagner une tenue de travail, une sortie en ville ou une occasion plus habillée.",produits/notes/PR030.txt,PR030,draft,1,0,media_unique_a_verifier,oui,1af6e8e8-3749-44b2-84c0-32b38fe6f401.jpeg,10000,20000,oui,"Prix indicatif pour un sac à main femme générique, sans marque ni matière confirmées.",,Description enrichie ; marque et modèle à vérifier sur le média
PR031,Sac à main femme,Sacs,Sac à main,12000,1,,,,,,,Femme,"Sac à main femme au style élégant, conçu pour accompagner les tenues du quotidien comme les occasions habillées.","Sac à main femme

Ce sac à main pour femme présente une silhouette élégante et soignée. Son format permet de transporter les essentiels du quotidien tout en conservant une allure structurée et féminine. Il peut accompagner une tenue de travail, une sortie en ville ou une occasion plus habillée.",produits/notes/PR031.txt,PR031,draft,1,0,media_unique_a_verifier,oui,1e03b6f8-c2c6-4c83-8ddc-1eedc3b5d579.jpeg,10000,20000,oui,"Prix indicatif pour un sac à main femme générique, sans marque ni matière confirmées.",,Description enrichie ; marque et modèle à vérifier sur le média
PR032,Sac à main femme,Sacs,Sac à main,12000,1,,,,,,,Femme,"Sac à main femme au style élégant, conçu pour accompagner les tenues du quotidien comme les occasions habillées.","Sac à main femme

Ce sac à main pour femme présente une silhouette élégante et soignée. Son format permet de transporter les essentiels du quotidien tout en conservant une allure structurée et féminine. Il peut accompagner une tenue de travail, une sortie en ville ou une occasion plus habillée.",produits/notes/PR032.txt,PR032,draft,1,0,media_unique_a_verifier,oui,20285762-3499-4dc0-b144-ddb55d06b487.jpeg,10000,20000,oui,"Prix indicatif pour un sac à main femme générique, sans marque ni matière confirmées.",,Description enrichie ; marque et modèle à vérifier sur le média
PR033,Sac à main femme,Sacs,Sac à main,12000,1,,,,,,,Femme,"Sac à main femme au style élégant, conçu pour accompagner les tenues du quotidien comme les occasions habillées.","Sac à main femme

Ce sac à main pour femme présente une silhouette élégante et soignée. Son format permet de transporter les essentiels du quotidien tout en conservant une allure structurée et féminine. Il peut accompagner une tenue de travail, une sortie en ville ou une occasion plus habillée.",produits/notes/PR033.txt,PR033,draft,1,0,media_unique_a_verifier,oui,23b5c3b3-0d9b-4cb4-9b71-ae2076423231.jpeg,10000,20000,oui,"Prix indicatif pour un sac à main femme générique, sans marque ni matière confirmées.",,Description enrichie ; marque et modèle à vérifier sur le média
PR034,Sac à main femme,Sacs,Sac à main,12000,1,,,,,,,Femme,"Sac à main femme au style élégant, conçu pour accompagner les tenues du quotidien comme les occasions habillées.","Sac à main femme

Ce sac à main pour femme présente une silhouette élégante et soignée. Son format permet de transporter les essentiels du quotidien tout en conservant une allure structurée et féminine. Il peut accompagner une tenue de travail, une sortie en ville ou une occasion plus habillée.",produits/notes/PR034.txt,PR034,draft,1,0,media_unique_a_verifier,oui,244ec68f-8caa-4485-a571-5160a8e467cf.jpeg,10000,20000,oui,"Prix indicatif pour un sac à main femme générique, sans marque ni matière confirmées.",,Description enrichie ; marque et modèle à vérifier sur le média
PR035,Sac à main femme,Sacs,Sac à main,12000,1,,,,,,,Femme,"Sac à main femme au style élégant, conçu pour accompagner les tenues du quotidien comme les occasions habillées.","Sac à main femme

Ce sac à main pour femme présente une silhouette élégante et soignée. Son format permet de transporter les essentiels du quotidien tout en conservant une allure structurée et féminine. Il peut accompagner une tenue de travail, une sortie en ville ou une occasion plus habillée.",produits/notes/PR035.txt,PR035,draft,1,0,media_unique_a_verifier,oui,2464d7a9-cad5-4c0b-9efe-b03051970547.jpeg,10000,20000,oui,"Prix indicatif pour un sac à main femme générique, sans marque ni matière confirmées.",,Description enrichie ; marque et modèle à vérifier sur le média
PR036,Sac à main femme,Sacs,Sac à main,12000,1,,,,,,,Femme,"Sac à main femme au style élégant, conçu pour accompagner les tenues du quotidien comme les occasions habillées.","Sac à main femme

Ce sac à main pour femme présente une silhouette élégante et soignée. Son format permet de transporter les essentiels du quotidien tout en conservant une allure structurée et féminine. Il peut accompagner une tenue de travail, une sortie en ville ou une occasion plus habillée.",produits/notes/PR036.txt,PR036,draft,1,0,media_unique_a_verifier,oui,24f399fb-9706-4f2c-8d71-d95d336c0474.jpeg,10000,20000,oui,"Prix indicatif pour un sac à main femme générique, sans marque ni matière confirmées.",,Description enrichie ; marque et modèle à vérifier sur le média
PR037,Sac à main femme,Sacs,Sac à main,12000,1,,,,,,,Femme,"Sac à main femme au style élégant, conçu pour accompagner les tenues du quotidien comme les occasions habillées.","Sac à main femme

Ce sac à main pour femme présente une silhouette élégante et soignée. Son format permet de transporter les essentiels du quotidien tout en conservant une allure structurée et féminine. Il peut accompagner une tenue de travail, une sortie en ville ou une occasion plus habillée.",produits/notes/PR037.txt,PR037,draft,1,0,media_unique_a_verifier,oui,26ddce9f-a1bf-47f4-85ec-d334e5671a20.jpeg,10000,20000,oui,"Prix indicatif pour un sac à main femme générique, sans marque ni matière confirmées.",,Description enrichie ; marque et modèle à vérifier sur le média
PR038,Sac à main femme,Sacs,Sac à main,12000,1,,,,,,,Femme,"Sac à main femme au style élégant, conçu pour accompagner les tenues du quotidien comme les occasions habillées.","Sac à main femme

Ce sac à main pour femme présente une silhouette élégante et soignée. Son format permet de transporter les essentiels du quotidien tout en conservant une allure structurée et féminine. Il peut accompagner une tenue de travail, une sortie en ville ou une occasion plus habillée.",produits/notes/PR038.txt,PR038,draft,1,0,media_unique_a_verifier,oui,2960bebf-2595-4431-ae9b-375097201da3.jpeg,10000,20000,oui,"Prix indicatif pour un sac à main femme générique, sans marque ni matière confirmées.",,Description enrichie ; marque et modèle à vérifier sur le média
PR039,Sac à main femme,Sacs,Sac à main,12000,1,,,,,,,Femme,"Sac à main femme au style élégant, conçu pour accompagner les tenues du quotidien comme les occasions habillées.","Sac à main femme

Ce sac à main pour femme présente une silhouette élégante et soignée. Son format permet de transporter les essentiels du quotidien tout en conservant une allure structurée et féminine. Il peut accompagner une tenue de travail, une sortie en ville ou une occasion plus habillée.",produits/notes/PR039.txt,PR039,draft,1,0,media_unique_a_verifier,oui,29cb3a3a-ec03-4434-965c-dc0a5e0eae5c.jpeg,10000,20000,oui,"Prix indicatif pour un sac à main femme générique, sans marque ni matière confirmées.",,Description enrichie ; marque et modèle à vérifier sur le média
PR040,Eau de parfum,Parfums,Eau de parfum,10000,1,,,,,,,Mixte,"Eau de parfum présentée avec son flacon ou son emballage, destinée à compléter une collection de fragrances.","Eau de parfum

Cette fragrance est présentée avec son flacon ou son emballage visible sur le média associé. Elle convient à une utilisation quotidienne ou à des occasions particulières, selon son profil olfactif.

INFORMATIONS À CONFIRMER
• Nom commercial exact
• Marque
• Contenance
• Concentration et notes olfactives

Aucune pyramide olfactive ni comparaison avec une autre fragrance n’est ajoutée sans identification certaine du produit.",produits/notes/PR040.txt,PR040,draft,1,0,media_unique_a_verifier,oui,2aa4c03d-e1c2-4c65-bc16-e19fc72f271d.jpeg,6800,15000,oui,Prix indicatif pour une eau de parfum générique/non identifiée. Marque et contenance à confirmer.,,Produit non identifié avec une certitude suffisante
PR041,Soin parfumé pour le corps,Beauté et soins,Soin corporel,3000,1,,,,,,,Femme,Soin corporel parfumé destiné à compléter une routine beauté quotidienne.,"Soin parfumé pour le corps

Ce soin parfumé pour le corps s’intègre dans une routine beauté et laisse la peau délicatement parfumée. Le produit et son conditionnement sont présentés sur le média associé.",produits/notes/PR041.txt,PR041,draft,1,0,media_unique_a_verifier,oui,2aedd125-ba0c-4965-829d-8b6842b9e88b.jpeg,2000,6000,oui,"Prix indicatif pour un soin corporel parfumé générique, contenance et marque non confirmées.",,Description enrichie ; informations d’étiquette à vérifier
PR042,Sac à main femme,Sacs,Sac à main,12000,1,,,,,,,Femme,"Sac à main femme au style élégant, conçu pour accompagner les tenues du quotidien comme les occasions habillées.","Sac à main femme

Ce sac à main pour femme présente une silhouette élégante et soignée. Son format permet de transporter les essentiels du quotidien tout en conservant une allure structurée et féminine. Il peut accompagner une tenue de travail, une sortie en ville ou une occasion plus habillée.",produits/notes/PR042.txt,PR042,draft,1,0,media_unique_a_verifier,oui,2c0e4488-618d-4619-aa61-a2905e7a1ad3.jpeg,10000,20000,oui,"Prix indicatif pour un sac à main femme générique, sans marque ni matière confirmées.",,Description enrichie ; marque et modèle à vérifier sur le média
PR043,Sac à main femme,Sacs,Sac à main,12000,1,,,,,,,Femme,"Sac à main femme au style élégant, conçu pour accompagner les tenues du quotidien comme les occasions habillées.","Sac à main femme

Ce sac à main pour femme présente une silhouette élégante et soignée. Son format permet de transporter les essentiels du quotidien tout en conservant une allure structurée et féminine. Il peut accompagner une tenue de travail, une sortie en ville ou une occasion plus habillée.",produits/notes/PR043.txt,PR043,draft,1,0,media_unique_a_verifier,oui,2c760eb7-c84b-4ce4-8aff-f0e0f44a3eaa.jpeg,10000,20000,oui,"Prix indicatif pour un sac à main femme générique, sans marque ni matière confirmées.",,Description enrichie ; marque et modèle à vérifier sur le média
PR044,Soin parfumé pour le corps,Beauté et soins,Soin corporel,3000,1,,,,,,,Femme,Soin corporel parfumé destiné à compléter une routine beauté quotidienne.,"Soin parfumé pour le corps

Ce soin parfumé pour le corps s’intègre dans une routine beauté et laisse la peau délicatement parfumée. Le produit et son conditionnement sont présentés sur le média associé.",produits/notes/PR044.txt,PR044,draft,1,0,media_unique_a_verifier,oui,2e518515-f326-4cfc-b8b5-a7d60d317b6c.jpeg,2000,6000,oui,"Prix indicatif pour un soin corporel parfumé générique, contenance et marque non confirmées.",,Description enrichie ; informations d’étiquette à vérifier
PR045,Bague fantaisie,Bijoux,Bague,5500,1,,,,,,,Femme,"Bague fantaisie décorative, idéale pour apporter une touche élégante à une tenue.","Bague fantaisie

Ce bijou fantaisie présente un style décoratif et peut être porté au quotidien ou lors d’une occasion particulière. Sa forme et ses détails sont visibles sur le média associé.",produits/notes/PR045.txt,PR045,draft,1,0,media_unique_a_verifier,oui,2f04c7f5-005d-4dab-a35c-f443bc1b9fc6.jpeg,3000,10000,oui,"Prix indicatif pour une bague fantaisie sans métal, pierre ou marque confirmés.",,Description enrichie ; matière et dimensions à vérifier
PR046,Sac à main femme,Sacs,Sac à main,12000,1,,,,,,,Femme,"Sac à main femme au style élégant, conçu pour accompagner les tenues du quotidien comme les occasions habillées.","Sac à main femme

Ce sac à main pour femme présente une silhouette élégante et soignée. Son format permet de transporter les essentiels du quotidien tout en conservant une allure structurée et féminine. Il peut accompagner une tenue de travail, une sortie en ville ou une occasion plus habillée.",produits/notes/PR046.txt,PR046,draft,1,0,media_unique_a_verifier,oui,304cf65a-9d40-4010-b999-9f01b99198a5.jpeg,10000,20000,oui,"Prix indicatif pour un sac à main femme générique, sans marque ni matière confirmées.",,Description enrichie ; marque et modèle à vérifier sur le média
PR047,Sac à main femme,Sacs,Sac à main,12000,1,,,,,,,Femme,"Sac à main femme au style élégant, conçu pour accompagner les tenues du quotidien comme les occasions habillées.","Sac à main femme

Ce sac à main pour femme présente une silhouette élégante et soignée. Son format permet de transporter les essentiels du quotidien tout en conservant une allure structurée et féminine. Il peut accompagner une tenue de travail, une sortie en ville ou une occasion plus habillée.",produits/notes/PR047.txt,PR047,draft,1,0,media_unique_a_verifier,oui,30dacdf7-e88d-4676-9d81-e2ac48b593ad.jpeg,10000,20000,oui,"Prix indicatif pour un sac à main femme générique, sans marque ni matière confirmées.",,Description enrichie ; marque et modèle à vérifier sur le média
PR048,Bracelet fantaisie,Bijoux,Bracelet,7500,1,,,,,,,Femme,"Bracelet fantaisie décoratif, conçu pour compléter une tenue avec élégance.","Bracelet fantaisie

Ce bijou fantaisie présente un style décoratif et peut être porté au quotidien ou lors d’une occasion particulière. Sa forme et ses détails sont visibles sur le média associé.",produits/notes/PR048.txt,PR048,draft,1,0,media_unique_a_verifier,oui,31b7e85b-7cd1-405f-a1e7-1326faeff2ed.jpeg,5500,12900,oui,"Prix indicatif pour un bracelet fantaisie sans métal, pierre ou marque confirmés.",,Description enrichie ; matière et dimensions à vérifier
PR049,Eau de parfum,Parfums,Eau de parfum,10000,1,,,,,,,Mixte,"Eau de parfum présentée avec son flacon ou son emballage, destinée à compléter une collection de fragrances.","Eau de parfum

Cette fragrance est présentée avec son flacon ou son emballage visible sur le média associé. Elle convient à une utilisation quotidienne ou à des occasions particulières, selon son profil olfactif.

INFORMATIONS À CONFIRMER
• Nom commercial exact
• Marque
• Contenance
• Concentration et notes olfactives

Aucune pyramide olfactive ni comparaison avec une autre fragrance n’est ajoutée sans identification certaine du produit.",produits/notes/PR049.txt,PR049,draft,1,0,media_unique_a_verifier,oui,33da7261-4539-499f-9b40-5c316797ee3d.jpeg,6800,15000,oui,Prix indicatif pour une eau de parfum générique/non identifiée. Marque et contenance à confirmer.,,Produit non identifié avec une certitude suffisante
PR050,Bague fantaisie,Bijoux,Bague,5500,1,,,,,,,Femme,"Bague fantaisie décorative, idéale pour apporter une touche élégante à une tenue.","Bague fantaisie

Ce bijou fantaisie présente un style décoratif et peut être porté au quotidien ou lors d’une occasion particulière. Sa forme et ses détails sont visibles sur le média associé.",produits/notes/PR050.txt,PR050,draft,1,0,media_unique_a_verifier,oui,33dce096-b0dd-4971-8017-1886e2964471.jpeg,3000,10000,oui,"Prix indicatif pour une bague fantaisie sans métal, pierre ou marque confirmés.",,Description enrichie ; matière et dimensions à vérifier
PR051,Sac à main femme,Sacs,Sac à main,12000,1,,,,,,,Femme,"Sac à main femme au style élégant, conçu pour accompagner les tenues du quotidien comme les occasions habillées.","Sac à main femme

Ce sac à main pour femme présente une silhouette élégante et soignée. Son format permet de transporter les essentiels du quotidien tout en conservant une allure structurée et féminine. Il peut accompagner une tenue de travail, une sortie en ville ou une occasion plus habillée.",produits/notes/PR051.txt,PR051,draft,1,0,media_unique_a_verifier,oui,359c2e36-bc7d-4518-9d53-4a27b9d23264.jpeg,10000,20000,oui,"Prix indicatif pour un sac à main femme générique, sans marque ni matière confirmées.",,Description enrichie ; marque et modèle à vérifier sur le média
PR052,Bague fantaisie,Bijoux,Bague,5500,1,,,,,,,Femme,"Bague fantaisie décorative, idéale pour apporter une touche élégante à une tenue.","Bague fantaisie

Ce bijou fantaisie présente un style décoratif et peut être porté au quotidien ou lors d’une occasion particulière. Sa forme et ses détails sont visibles sur le média associé.",produits/notes/PR052.txt,PR052,draft,1,0,media_unique_a_verifier,oui,366ac547-9328-41c7-8167-6853c6d40ddc.jpeg,3000,10000,oui,"Prix indicatif pour une bague fantaisie sans métal, pierre ou marque confirmés.",,Description enrichie ; matière et dimensions à vérifier
PR053,Eau de parfum,Parfums,Eau de parfum,10000,1,,,,,,,Mixte,"Eau de parfum présentée avec son flacon ou son emballage, destinée à compléter une collection de fragrances.","Eau de parfum

Cette fragrance est présentée avec son flacon ou son emballage visible sur le média associé. Elle convient à une utilisation quotidienne ou à des occasions particulières, selon son profil olfactif.

INFORMATIONS À CONFIRMER
• Nom commercial exact
• Marque
• Contenance
• Concentration et notes olfactives

Aucune pyramide olfactive ni comparaison avec une autre fragrance n’est ajoutée sans identification certaine du produit.",produits/notes/PR053.txt,PR053,draft,1,0,media_unique_a_verifier,oui,37dfb07f-f2b7-4afa-88cf-1f665530805c.jpeg,6800,15000,oui,Prix indicatif pour une eau de parfum générique/non identifiée. Marque et contenance à confirmer.,,Produit non identifié avec une certitude suffisante
PR054,Eau de parfum,Parfums,Eau de parfum,10000,1,,,,,,,Mixte,"Eau de parfum présentée avec son flacon ou son emballage, destinée à compléter une collection de fragrances.","Eau de parfum

Cette fragrance est présentée avec son flacon ou son emballage visible sur le média associé. Elle convient à une utilisation quotidienne ou à des occasions particulières, selon son profil olfactif.

INFORMATIONS À CONFIRMER
• Nom commercial exact
• Marque
• Contenance
• Concentration et notes olfactives

Aucune pyramide olfactive ni comparaison avec une autre fragrance n’est ajoutée sans identification certaine du produit.",produits/notes/PR054.txt,PR054,draft,1,0,media_unique_a_verifier,oui,39c95742-4a93-4a4f-8386-00b14e5c84a2.jpeg,6800,15000,oui,Prix indicatif pour une eau de parfum générique/non identifiée. Marque et contenance à confirmer.,,Produit non identifié avec une certitude suffisante
PR055,Déodorant corporel parfumé,Beauté et soins,Déodorant,3000,1,,,,,,,Mixte,Déodorant corporel parfumé pour une sensation de fraîcheur au quotidien.,"Déodorant corporel parfumé

Ce déodorant corporel parfumé est conçu pour compléter une routine de soin et apporter une sensation de fraîcheur. Son conditionnement et sa présentation sont visibles sur le média associé.",produits/notes/PR055.txt,PR055,draft,1,0,media_unique_a_verifier,oui,3bc472fe-127f-4876-a4f9-b6d847844567.jpeg,2500,5000,oui,"Prix indicatif pour un déodorant corporel générique, contenance et marque non confirmées.",,Description enrichie ; informations d’étiquette à vérifier
PR056,Sac à main femme,Sacs,Sac à main,12000,1,,,,,,,Femme,"Sac à main femme au style élégant, conçu pour accompagner les tenues du quotidien comme les occasions habillées.","Sac à main femme

Ce sac à main pour femme présente une silhouette élégante et soignée. Son format permet de transporter les essentiels du quotidien tout en conservant une allure structurée et féminine. Il peut accompagner une tenue de travail, une sortie en ville ou une occasion plus habillée.",produits/notes/PR056.txt,PR056,draft,1,0,media_unique_a_verifier,oui,3c47f8d2-692a-47cd-9291-4f7dd5e4e64a.jpeg,10000,20000,oui,"Prix indicatif pour un sac à main femme générique, sans marque ni matière confirmées.",,Description enrichie ; marque et modèle à vérifier sur le média
PR057,Eau de parfum,Parfums,Eau de parfum,10000,1,,,,,,,Mixte,"Eau de parfum présentée avec son flacon ou son emballage, destinée à compléter une collection de fragrances.","Eau de parfum

Cette fragrance est présentée avec son flacon ou son emballage visible sur le média associé. Elle convient à une utilisation quotidienne ou à des occasions particulières, selon son profil olfactif.

INFORMATIONS À CONFIRMER
• Nom commercial exact
• Marque
• Contenance
• Concentration et notes olfactives

Aucune pyramide olfactive ni comparaison avec une autre fragrance n’est ajoutée sans identification certaine du produit.",produits/notes/PR057.txt,PR057,draft,1,0,media_unique_a_verifier,oui,3c716e68-c9e3-4564-af05-543fc7ad5f72.jpeg,6800,15000,oui,Prix indicatif pour une eau de parfum générique/non identifiée. Marque et contenance à confirmer.,,Produit non identifié avec une certitude suffisante
PR058,Sac à main femme,Sacs,Sac à main,12000,1,,,,,,,Femme,"Sac à main femme au style élégant, conçu pour accompagner les tenues du quotidien comme les occasions habillées.","Sac à main femme

Ce sac à main pour femme présente une silhouette élégante et soignée. Son format permet de transporter les essentiels du quotidien tout en conservant une allure structurée et féminine. Il peut accompagner une tenue de travail, une sortie en ville ou une occasion plus habillée.",produits/notes/PR058.txt,PR058,draft,1,0,media_unique_a_verifier,oui,3cb5b8fc-192e-46cd-acad-a99c63152091.jpeg,10000,20000,oui,"Prix indicatif pour un sac à main femme générique, sans marque ni matière confirmées.",,Description enrichie ; marque et modèle à vérifier sur le média
PR059,Sac à main femme,Sacs,Sac à main,12000,1,,,,,,,Femme,"Sac à main femme au style élégant, conçu pour accompagner les tenues du quotidien comme les occasions habillées.","Sac à main femme

Ce sac à main pour femme présente une silhouette élégante et soignée. Son format permet de transporter les essentiels du quotidien tout en conservant une allure structurée et féminine. Il peut accompagner une tenue de travail, une sortie en ville ou une occasion plus habillée.",produits/notes/PR059.txt,PR059,draft,1,0,media_unique_a_verifier,oui,3da59868-6b9b-48e9-89c1-8d52a7a2144e.jpeg,10000,20000,oui,"Prix indicatif pour un sac à main femme générique, sans marque ni matière confirmées.",,Description enrichie ; marque et modèle à vérifier sur le média
PR060,Sac à main femme,Sacs,Sac à main,12000,1,,,,,,,Femme,"Sac à main femme au style élégant, conçu pour accompagner les tenues du quotidien comme les occasions habillées.","Sac à main femme

Ce sac à main pour femme présente une silhouette élégante et soignée. Son format permet de transporter les essentiels du quotidien tout en conservant une allure structurée et féminine. Il peut accompagner une tenue de travail, une sortie en ville ou une occasion plus habillée.",produits/notes/PR060.txt,PR060,draft,1,0,media_unique_a_verifier,oui,3e42bbac-ecea-497b-a8ea-060ae6bd8b1a.jpeg,10000,20000,oui,"Prix indicatif pour un sac à main femme générique, sans marque ni matière confirmées.",,Description enrichie ; marque et modèle à vérifier sur le média
PR061,Eau de parfum,Parfums,Eau de parfum,10000,1,,,,,,,Mixte,"Eau de parfum présentée avec son flacon ou son emballage, destinée à compléter une collection de fragrances.","Eau de parfum

Cette fragrance est présentée avec son flacon ou son emballage visible sur le média associé. Elle convient à une utilisation quotidienne ou à des occasions particulières, selon son profil olfactif.

INFORMATIONS À CONFIRMER
• Nom commercial exact
• Marque
• Contenance
• Concentration et notes olfactives

Aucune pyramide olfactive ni comparaison avec une autre fragrance n’est ajoutée sans identification certaine du produit.",produits/notes/PR061.txt,PR061,draft,1,0,media_unique_a_verifier,oui,404b4fdf-5f6d-444e-bc57-f2189068ad5c.jpeg,6800,15000,oui,Prix indicatif pour une eau de parfum générique/non identifiée. Marque et contenance à confirmer.,,Produit non identifié avec une certitude suffisante
PR062,Déodorant corporel parfumé,Beauté et soins,Déodorant,3000,1,,,,,,,Mixte,Déodorant corporel parfumé pour une sensation de fraîcheur au quotidien.,"Déodorant corporel parfumé

Ce déodorant corporel parfumé est conçu pour compléter une routine de soin et apporter une sensation de fraîcheur. Son conditionnement et sa présentation sont visibles sur le média associé.",produits/notes/PR062.txt,PR062,draft,1,0,media_unique_a_verifier,oui,43d90660-f446-4c2c-9807-cb01bb3c2bc0.jpeg,2500,5000,oui,"Prix indicatif pour un déodorant corporel générique, contenance et marque non confirmées.",,Description enrichie ; informations d’étiquette à vérifier
PR063,Sac à main femme,Sacs,Sac à main,12000,1,,,,,,,Femme,"Sac à main femme au style élégant, conçu pour accompagner les tenues du quotidien comme les occasions habillées.","Sac à main femme

Ce sac à main pour femme présente une silhouette élégante et soignée. Son format permet de transporter les essentiels du quotidien tout en conservant une allure structurée et féminine. Il peut accompagner une tenue de travail, une sortie en ville ou une occasion plus habillée.",produits/notes/PR063.txt,PR063,draft,1,0,media_unique_a_verifier,oui,44e4d257-60d9-4fa8-903b-0e3975521ce6.jpeg,10000,20000,oui,"Prix indicatif pour un sac à main femme générique, sans marque ni matière confirmées.",,Description enrichie ; marque et modèle à vérifier sur le média
PR064,Sac à main femme,Sacs,Sac à main,12000,1,,,,,,,Femme,"Sac à main femme au style élégant, conçu pour accompagner les tenues du quotidien comme les occasions habillées.","Sac à main femme

Ce sac à main pour femme présente une silhouette élégante et soignée. Son format permet de transporter les essentiels du quotidien tout en conservant une allure structurée et féminine. Il peut accompagner une tenue de travail, une sortie en ville ou une occasion plus habillée.",produits/notes/PR064.txt,PR064,draft,1,0,media_unique_a_verifier,oui,461d2de1-b013-46ce-ac53-bc9f78251ec4.jpeg,10000,20000,oui,"Prix indicatif pour un sac à main femme générique, sans marque ni matière confirmées.",,Description enrichie ; marque et modèle à vérifier sur le média
PR065,Sac à main femme,Sacs,Sac à main,12000,1,,,,,,,Femme,"Sac à main femme au style élégant, conçu pour accompagner les tenues du quotidien comme les occasions habillées.","Sac à main femme

Ce sac à main pour femme présente une silhouette élégante et soignée. Son format permet de transporter les essentiels du quotidien tout en conservant une allure structurée et féminine. Il peut accompagner une tenue de travail, une sortie en ville ou une occasion plus habillée.",produits/notes/PR065.txt,PR065,draft,1,0,media_unique_a_verifier,oui,47aa329a-9006-45fa-a57c-aec0c1639085.jpeg,10000,20000,oui,"Prix indicatif pour un sac à main femme générique, sans marque ni matière confirmées.",,Description enrichie ; marque et modèle à vérifier sur le média
PR066,Déodorant corporel parfumé,Beauté et soins,Déodorant,3000,1,,,,,,,Mixte,Déodorant corporel parfumé pour une sensation de fraîcheur au quotidien.,"Déodorant corporel parfumé

Ce déodorant corporel parfumé est conçu pour compléter une routine de soin et apporter une sensation de fraîcheur. Son conditionnement et sa présentation sont visibles sur le média associé.",produits/notes/PR066.txt,PR066,draft,1,0,media_unique_a_verifier,oui,489b38db-b6d8-4c0e-be17-a153dc79edf2.jpeg,2500,5000,oui,"Prix indicatif pour un déodorant corporel générique, contenance et marque non confirmées.",,Description enrichie ; informations d’étiquette à vérifier
PR067,Sac à main femme,Sacs,Sac à main,12000,1,,,,,,,Femme,"Sac à main femme au style élégant, conçu pour accompagner les tenues du quotidien comme les occasions habillées.","Sac à main femme

Ce sac à main pour femme présente une silhouette élégante et soignée. Son format permet de transporter les essentiels du quotidien tout en conservant une allure structurée et féminine. Il peut accompagner une tenue de travail, une sortie en ville ou une occasion plus habillée.",produits/notes/PR067.txt,PR067,draft,1,0,media_unique_a_verifier,oui,4aac1154-7afd-4cc8-a9ef-2792437dc5cc.jpeg,10000,20000,oui,"Prix indicatif pour un sac à main femme générique, sans marque ni matière confirmées.",,Description enrichie ; marque et modèle à vérifier sur le média
PR068,Soin parfumé pour le corps,Beauté et soins,Soin corporel,3000,1,,,,,,,Femme,Soin corporel parfumé destiné à compléter une routine beauté quotidienne.,"Soin parfumé pour le corps

Ce soin parfumé pour le corps s’intègre dans une routine beauté et laisse la peau délicatement parfumée. Le produit et son conditionnement sont présentés sur le média associé.",produits/notes/PR068.txt,PR068,draft,1,0,media_unique_a_verifier,oui,4b580e2b-53bc-4a29-9c7b-0e0796df5f54.jpeg,2000,6000,oui,"Prix indicatif pour un soin corporel parfumé générique, contenance et marque non confirmées.",,Description enrichie ; informations d’étiquette à vérifier
PR069,Sac à main femme,Sacs,Sac à main,12000,1,,,,,,,Femme,"Sac à main femme au style élégant, conçu pour accompagner les tenues du quotidien comme les occasions habillées.","Sac à main femme

Ce sac à main pour femme présente une silhouette élégante et soignée. Son format permet de transporter les essentiels du quotidien tout en conservant une allure structurée et féminine. Il peut accompagner une tenue de travail, une sortie en ville ou une occasion plus habillée.",produits/notes/PR069.txt,PR069,draft,1,0,media_unique_a_verifier,oui,4cfa7e21-7e51-44b6-9e57-c0b381194fed.jpeg,10000,20000,oui,"Prix indicatif pour un sac à main femme générique, sans marque ni matière confirmées.",,Description enrichie ; marque et modèle à vérifier sur le média
PR070,Soin parfumé pour le corps,Beauté et soins,Soin corporel,3000,1,,,,,,,Femme,Soin corporel parfumé destiné à compléter une routine beauté quotidienne.,"Soin parfumé pour le corps

Ce soin parfumé pour le corps s’intègre dans une routine beauté et laisse la peau délicatement parfumée. Le produit et son conditionnement sont présentés sur le média associé.",produits/notes/PR070.txt,PR070,draft,1,0,media_unique_a_verifier,oui,4e13f2b6-d4e9-4521-b2ed-91cc69bd89d4.jpeg,2000,6000,oui,"Prix indicatif pour un soin corporel parfumé générique, contenance et marque non confirmées.",,Description enrichie ; informations d’étiquette à vérifier
PR071,Bracelet fantaisie,Bijoux,Bracelet,7500,1,,,,,,,Femme,"Bracelet fantaisie décoratif, conçu pour compléter une tenue avec élégance.","Bracelet fantaisie

Ce bijou fantaisie présente un style décoratif et peut être porté au quotidien ou lors d’une occasion particulière. Sa forme et ses détails sont visibles sur le média associé.",produits/notes/PR071.txt,PR071,draft,1,0,media_unique_a_verifier,oui,4e2fcf9d-1c4b-45b7-92c8-8ae575f1d5a8.jpeg,5500,12900,oui,"Prix indicatif pour un bracelet fantaisie sans métal, pierre ou marque confirmés.",,Description enrichie ; matière et dimensions à vérifier
PR072,Sac à main femme,Sacs,Sac à main,12000,1,,,,,,,Femme,"Sac à main femme au style élégant, conçu pour accompagner les tenues du quotidien comme les occasions habillées.","Sac à main femme

Ce sac à main pour femme présente une silhouette élégante et soignée. Son format permet de transporter les essentiels du quotidien tout en conservant une allure structurée et féminine. Il peut accompagner une tenue de travail, une sortie en ville ou une occasion plus habillée.",produits/notes/PR072.txt,PR072,draft,1,0,media_unique_a_verifier,oui,4f52e0d8-ee3d-4924-a3d8-64acee4c9a10.jpeg,10000,20000,oui,"Prix indicatif pour un sac à main femme générique, sans marque ni matière confirmées.",,Description enrichie ; marque et modèle à vérifier sur le média
PR073,Sac à main femme,Sacs,Sac à main,12000,1,,,,,,,Femme,"Sac à main femme au style élégant, conçu pour accompagner les tenues du quotidien comme les occasions habillées.","Sac à main femme

Ce sac à main pour femme présente une silhouette élégante et soignée. Son format permet de transporter les essentiels du quotidien tout en conservant une allure structurée et féminine. Il peut accompagner une tenue de travail, une sortie en ville ou une occasion plus habillée.",produits/notes/PR073.txt,PR073,draft,1,0,media_unique_a_verifier,oui,4f8cc68d-f4d5-42be-853d-08e8e536088e.jpeg,10000,20000,oui,"Prix indicatif pour un sac à main femme générique, sans marque ni matière confirmées.",,Description enrichie ; marque et modèle à vérifier sur le média
PR074,Sac à main femme,Sacs,Sac à main,12000,1,,,,,,,Femme,"Sac à main femme au style élégant, conçu pour accompagner les tenues du quotidien comme les occasions habillées.","Sac à main femme

Ce sac à main pour femme présente une silhouette élégante et soignée. Son format permet de transporter les essentiels du quotidien tout en conservant une allure structurée et féminine. Il peut accompagner une tenue de travail, une sortie en ville ou une occasion plus habillée.",produits/notes/PR074.txt,PR074,draft,1,0,media_unique_a_verifier,oui,513d2507-5e8c-467d-9a82-55cfb18904a0.jpeg,10000,20000,oui,"Prix indicatif pour un sac à main femme générique, sans marque ni matière confirmées.",,Description enrichie ; marque et modèle à vérifier sur le média
PR075,Sac à main femme,Sacs,Sac à main,12000,1,,,,,,,Femme,"Sac à main femme au style élégant, conçu pour accompagner les tenues du quotidien comme les occasions habillées.","Sac à main femme

Ce sac à main pour femme présente une silhouette élégante et soignée. Son format permet de transporter les essentiels du quotidien tout en conservant une allure structurée et féminine. Il peut accompagner une tenue de travail, une sortie en ville ou une occasion plus habillée.",produits/notes/PR075.txt,PR075,draft,1,0,media_unique_a_verifier,oui,5188a176-88a9-4a2b-83ef-b8fbc7cf27ee.jpeg,10000,20000,oui,"Prix indicatif pour un sac à main femme générique, sans marque ni matière confirmées.",,Description enrichie ; marque et modèle à vérifier sur le média
PR076,Sac à main femme,Sacs,Sac à main,12000,1,,,,,,,Femme,"Sac à main femme au style élégant, conçu pour accompagner les tenues du quotidien comme les occasions habillées.","Sac à main femme

Ce sac à main pour femme présente une silhouette élégante et soignée. Son format permet de transporter les essentiels du quotidien tout en conservant une allure structurée et féminine. Il peut accompagner une tenue de travail, une sortie en ville ou une occasion plus habillée.",produits/notes/PR076.txt,PR076,draft,1,0,media_unique_a_verifier,oui,51d7fe0e-0cd4-4c57-b21e-d598c0bcd27c.jpeg,10000,20000,oui,"Prix indicatif pour un sac à main femme générique, sans marque ni matière confirmées.",,Description enrichie ; marque et modèle à vérifier sur le média
PR077,Soin parfumé pour le corps,Beauté et soins,Soin corporel,3000,1,,,,,,,Femme,Soin corporel parfumé destiné à compléter une routine beauté quotidienne.,"Soin parfumé pour le corps

Ce soin parfumé pour le corps s’intègre dans une routine beauté et laisse la peau délicatement parfumée. Le produit et son conditionnement sont présentés sur le média associé.",produits/notes/PR077.txt,PR077,draft,1,0,media_unique_a_verifier,oui,532d7e1e-8c86-45f0-a7d8-9a88f9814f9f.jpeg,2000,6000,oui,"Prix indicatif pour un soin corporel parfumé générique, contenance et marque non confirmées.",,Description enrichie ; informations d’étiquette à vérifier
PR078,Sac à main femme,Sacs,Sac à main,12000,1,,,,,,,Femme,"Sac à main femme au style élégant, conçu pour accompagner les tenues du quotidien comme les occasions habillées.","Sac à main femme

Ce sac à main pour femme présente une silhouette élégante et soignée. Son format permet de transporter les essentiels du quotidien tout en conservant une allure structurée et féminine. Il peut accompagner une tenue de travail, une sortie en ville ou une occasion plus habillée.",produits/notes/PR078.txt,PR078,draft,1,0,media_unique_a_verifier,oui,532e5884-63e5-4c1a-ad0c-b8dbdb9e4812.jpeg,10000,20000,oui,"Prix indicatif pour un sac à main femme générique, sans marque ni matière confirmées.",,Description enrichie ; marque et modèle à vérifier sur le média
PR079,Eau de parfum,Parfums,Eau de parfum,10000,1,,,,,,,Mixte,"Eau de parfum présentée avec son flacon ou son emballage, destinée à compléter une collection de fragrances.","Eau de parfum

Cette fragrance est présentée avec son flacon ou son emballage visible sur le média associé. Elle convient à une utilisation quotidienne ou à des occasions particulières, selon son profil olfactif.

INFORMATIONS À CONFIRMER
• Nom commercial exact
• Marque
• Contenance
• Concentration et notes olfactives

Aucune pyramide olfactive ni comparaison avec une autre fragrance n’est ajoutée sans identification certaine du produit.",produits/notes/PR079.txt,PR079,draft,1,0,media_unique_a_verifier,oui,5587f0f7-4d63-4876-afd1-8d2800231443.jpeg,6800,15000,oui,Prix indicatif pour une eau de parfum générique/non identifiée. Marque et contenance à confirmer.,,Produit non identifié avec une certitude suffisante
PR080,Sac à main femme,Sacs,Sac à main,12000,1,,,,,,,Femme,"Sac à main femme au style élégant, conçu pour accompagner les tenues du quotidien comme les occasions habillées.","Sac à main femme

Ce sac à main pour femme présente une silhouette élégante et soignée. Son format permet de transporter les essentiels du quotidien tout en conservant une allure structurée et féminine. Il peut accompagner une tenue de travail, une sortie en ville ou une occasion plus habillée.",produits/notes/PR080.txt,PR080,draft,1,0,media_unique_a_verifier,oui,5603f731-e99a-4db0-8c8d-7f02d272a0a9.jpeg,10000,20000,oui,"Prix indicatif pour un sac à main femme générique, sans marque ni matière confirmées.",,Description enrichie ; marque et modèle à vérifier sur le média
PR081,Sac à main femme,Sacs,Sac à main,12000,1,,,,,,,Femme,"Sac à main femme au style élégant, conçu pour accompagner les tenues du quotidien comme les occasions habillées.","Sac à main femme

Ce sac à main pour femme présente une silhouette élégante et soignée. Son format permet de transporter les essentiels du quotidien tout en conservant une allure structurée et féminine. Il peut accompagner une tenue de travail, une sortie en ville ou une occasion plus habillée.",produits/notes/PR081.txt,PR081,draft,1,0,media_unique_a_verifier,oui,5a8b098d-c9fa-438f-8140-c1fbc3d9a6c6.jpeg,10000,20000,oui,"Prix indicatif pour un sac à main femme générique, sans marque ni matière confirmées.",,Description enrichie ; marque et modèle à vérifier sur le média
PR082,Sac à main femme,Sacs,Sac à main,12000,1,,,,,,,Femme,"Sac à main femme au style élégant, conçu pour accompagner les tenues du quotidien comme les occasions habillées.","Sac à main femme

Ce sac à main pour femme présente une silhouette élégante et soignée. Son format permet de transporter les essentiels du quotidien tout en conservant une allure structurée et féminine. Il peut accompagner une tenue de travail, une sortie en ville ou une occasion plus habillée.",produits/notes/PR082.txt,PR082,draft,1,0,media_unique_a_verifier,oui,5d2478a6-1141-4c7a-84ad-6e21dd2e19e5.jpeg,10000,20000,oui,"Prix indicatif pour un sac à main femme générique, sans marque ni matière confirmées.",,Description enrichie ; marque et modèle à vérifier sur le média
PR083,Sac à main femme,Sacs,Sac à main,12000,1,,,,,,,Femme,"Sac à main femme au style élégant, conçu pour accompagner les tenues du quotidien comme les occasions habillées.","Sac à main femme

Ce sac à main pour femme présente une silhouette élégante et soignée. Son format permet de transporter les essentiels du quotidien tout en conservant une allure structurée et féminine. Il peut accompagner une tenue de travail, une sortie en ville ou une occasion plus habillée.",produits/notes/PR083.txt,PR083,draft,1,0,media_unique_a_verifier,oui,5d8e9314-5ed2-4db6-a4c1-15eac7993b21.jpeg,10000,20000,oui,"Prix indicatif pour un sac à main femme générique, sans marque ni matière confirmées.",,Description enrichie ; marque et modèle à vérifier sur le média
PR084,Sac à main femme,Sacs,Sac à main,12000,1,,,,,,,Femme,"Sac à main femme au style élégant, conçu pour accompagner les tenues du quotidien comme les occasions habillées.","Sac à main femme

Ce sac à main pour femme présente une silhouette élégante et soignée. Son format permet de transporter les essentiels du quotidien tout en conservant une allure structurée et féminine. Il peut accompagner une tenue de travail, une sortie en ville ou une occasion plus habillée.",produits/notes/PR084.txt,PR084,draft,1,0,media_unique_a_verifier,oui,5e567778-9614-4344-8f2d-accf4f76ef50.jpeg,10000,20000,oui,"Prix indicatif pour un sac à main femme générique, sans marque ni matière confirmées.",,Description enrichie ; marque et modèle à vérifier sur le média
PR085,Déodorant corporel parfumé,Beauté et soins,Déodorant,3000,1,,,,,,,Mixte,Déodorant corporel parfumé pour une sensation de fraîcheur au quotidien.,"Déodorant corporel parfumé

Ce déodorant corporel parfumé est conçu pour compléter une routine de soin et apporter une sensation de fraîcheur. Son conditionnement et sa présentation sont visibles sur le média associé.",produits/notes/PR085.txt,PR085,draft,1,0,media_unique_a_verifier,oui,5eeb1e53-3106-4e96-a3f2-3dea4fa240c0.jpeg,2500,5000,oui,"Prix indicatif pour un déodorant corporel générique, contenance et marque non confirmées.",,Description enrichie ; informations d’étiquette à vérifier
PR086,Bague fantaisie,Bijoux,Bague,5500,1,,,,,,,Femme,"Bague fantaisie décorative, idéale pour apporter une touche élégante à une tenue.","Bague fantaisie

Ce bijou fantaisie présente un style décoratif et peut être porté au quotidien ou lors d’une occasion particulière. Sa forme et ses détails sont visibles sur le média associé.",produits/notes/PR086.txt,PR086,draft,1,0,media_unique_a_verifier,oui,5f3adabf-e10d-48c0-b145-688627291e1a.jpeg,3000,10000,oui,"Prix indicatif pour une bague fantaisie sans métal, pierre ou marque confirmés.",,Description enrichie ; matière et dimensions à vérifier
PR087,Bague fantaisie,Bijoux,Bague,5500,1,,,,,,,Femme,"Bague fantaisie décorative, idéale pour apporter une touche élégante à une tenue.","Bague fantaisie

Ce bijou fantaisie présente un style décoratif et peut être porté au quotidien ou lors d’une occasion particulière. Sa forme et ses détails sont visibles sur le média associé.",produits/notes/PR087.txt,PR087,draft,1,0,media_unique_a_verifier,oui,606ed771-c581-4767-b90e-d3d842810d53.jpeg,3000,10000,oui,"Prix indicatif pour une bague fantaisie sans métal, pierre ou marque confirmés.",,Description enrichie ; matière et dimensions à vérifier
PR088,Soin parfumé pour le corps,Beauté et soins,Soin corporel,3000,1,,,,,,,Femme,Soin corporel parfumé destiné à compléter une routine beauté quotidienne.,"Soin parfumé pour le corps

Ce soin parfumé pour le corps s’intègre dans une routine beauté et laisse la peau délicatement parfumée. Le produit et son conditionnement sont présentés sur le média associé.",produits/notes/PR088.txt,PR088,draft,1,0,media_unique_a_verifier,oui,60c9dae0-0a18-41b2-8fbe-751e06bdd918.jpeg,2000,6000,oui,"Prix indicatif pour un soin corporel parfumé générique, contenance et marque non confirmées.",,Description enrichie ; informations d’étiquette à vérifier
PR089,Bague fantaisie,Bijoux,Bague,5500,1,,,,,,,Femme,"Bague fantaisie décorative, idéale pour apporter une touche élégante à une tenue.","Bague fantaisie

Ce bijou fantaisie présente un style décoratif et peut être porté au quotidien ou lors d’une occasion particulière. Sa forme et ses détails sont visibles sur le média associé.",produits/notes/PR089.txt,PR089,draft,1,0,media_unique_a_verifier,oui,622ed301-8155-46a4-9b0d-9c9bb7bf7d6b.jpeg,3000,10000,oui,"Prix indicatif pour une bague fantaisie sans métal, pierre ou marque confirmés.",,Description enrichie ; matière et dimensions à vérifier
PR090,Sac à main femme,Sacs,Sac à main,12000,1,,,,,,,Femme,"Sac à main femme au style élégant, conçu pour accompagner les tenues du quotidien comme les occasions habillées.","Sac à main femme

Ce sac à main pour femme présente une silhouette élégante et soignée. Son format permet de transporter les essentiels du quotidien tout en conservant une allure structurée et féminine. Il peut accompagner une tenue de travail, une sortie en ville ou une occasion plus habillée.",produits/notes/PR090.txt,PR090,draft,1,0,media_unique_a_verifier,oui,630a783c-ff7a-4b54-a1bf-ab3c8fbb26ce.jpeg,10000,20000,oui,"Prix indicatif pour un sac à main femme générique, sans marque ni matière confirmées.",,Description enrichie ; marque et modèle à vérifier sur le média
PR091,Sac à main femme,Sacs,Sac à main,12000,1,,,,,,,Femme,"Sac à main femme au style élégant, conçu pour accompagner les tenues du quotidien comme les occasions habillées.","Sac à main femme

Ce sac à main pour femme présente une silhouette élégante et soignée. Son format permet de transporter les essentiels du quotidien tout en conservant une allure structurée et féminine. Il peut accompagner une tenue de travail, une sortie en ville ou une occasion plus habillée.",produits/notes/PR091.txt,PR091,draft,1,0,media_unique_a_verifier,oui,64b73751-05fc-4445-bfeb-a4e5f2e14494.jpeg,10000,20000,oui,"Prix indicatif pour un sac à main femme générique, sans marque ni matière confirmées.",,Description enrichie ; marque et modèle à vérifier sur le média
PR092,Bague fantaisie,Bijoux,Bague,5500,1,,,,,,,Femme,"Bague fantaisie décorative, idéale pour apporter une touche élégante à une tenue.","Bague fantaisie

Ce bijou fantaisie présente un style décoratif et peut être porté au quotidien ou lors d’une occasion particulière. Sa forme et ses détails sont visibles sur le média associé.",produits/notes/PR092.txt,PR092,draft,1,0,media_unique_a_verifier,oui,64d18839-d1be-4d19-9755-c3765d221497.jpeg,3000,10000,oui,"Prix indicatif pour une bague fantaisie sans métal, pierre ou marque confirmés.",,Description enrichie ; matière et dimensions à vérifier
PR093,Sac à main femme,Sacs,Sac à main,12000,1,,,,,,,Femme,"Sac à main femme au style élégant, conçu pour accompagner les tenues du quotidien comme les occasions habillées.","Sac à main femme

Ce sac à main pour femme présente une silhouette élégante et soignée. Son format permet de transporter les essentiels du quotidien tout en conservant une allure structurée et féminine. Il peut accompagner une tenue de travail, une sortie en ville ou une occasion plus habillée.",produits/notes/PR093.txt,PR093,draft,1,0,media_unique_a_verifier,oui,66e6c005-de2d-4553-b736-7d9533df3ebb.jpeg,10000,20000,oui,"Prix indicatif pour un sac à main femme générique, sans marque ni matière confirmées.",,Description enrichie ; marque et modèle à vérifier sur le média
PR094,Sac à main femme,Sacs,Sac à main,12000,1,,,,,,,Femme,"Sac à main femme au style élégant, conçu pour accompagner les tenues du quotidien comme les occasions habillées.","Sac à main femme

Ce sac à main pour femme présente une silhouette élégante et soignée. Son format permet de transporter les essentiels du quotidien tout en conservant une allure structurée et féminine. Il peut accompagner une tenue de travail, une sortie en ville ou une occasion plus habillée.",produits/notes/PR094.txt,PR094,draft,1,0,media_unique_a_verifier,oui,67285d65-214d-4517-b9ad-1de7ef276fbf.jpeg,10000,20000,oui,"Prix indicatif pour un sac à main femme générique, sans marque ni matière confirmées.",,Description enrichie ; marque et modèle à vérifier sur le média
PR095,Soin parfumé pour le corps,Beauté et soins,Soin corporel,3000,1,,,,,,,Femme,Soin corporel parfumé destiné à compléter une routine beauté quotidienne.,"Soin parfumé pour le corps

Ce soin parfumé pour le corps s’intègre dans une routine beauté et laisse la peau délicatement parfumée. Le produit et son conditionnement sont présentés sur le média associé.",produits/notes/PR095.txt,PR095,draft,1,0,media_unique_a_verifier,oui,683a0a74-9e22-43cf-817f-20ac0961d6f7.jpeg,2000,6000,oui,"Prix indicatif pour un soin corporel parfumé générique, contenance et marque non confirmées.",,Description enrichie ; informations d’étiquette à vérifier
PR096,Bracelet fantaisie,Bijoux,Bracelet,7500,1,,,,,,,Femme,"Bracelet fantaisie décoratif, conçu pour compléter une tenue avec élégance.","Bracelet fantaisie

Ce bijou fantaisie présente un style décoratif et peut être porté au quotidien ou lors d’une occasion particulière. Sa forme et ses détails sont visibles sur le média associé.",produits/notes/PR096.txt,PR096,draft,1,0,media_unique_a_verifier,oui,68d2225c-d03b-4f9c-ab95-64bb859c7579.jpeg,5500,12900,oui,"Prix indicatif pour un bracelet fantaisie sans métal, pierre ou marque confirmés.",,Description enrichie ; matière et dimensions à vérifier
PR097,Sac à main femme,Sacs,Sac à main,12000,1,,,,,,,Femme,"Sac à main femme au style élégant, conçu pour accompagner les tenues du quotidien comme les occasions habillées.","Sac à main femme

Ce sac à main pour femme présente une silhouette élégante et soignée. Son format permet de transporter les essentiels du quotidien tout en conservant une allure structurée et féminine. Il peut accompagner une tenue de travail, une sortie en ville ou une occasion plus habillée.",produits/notes/PR097.txt,PR097,draft,1,0,media_unique_a_verifier,oui,6b1f802c-c1c0-4c0c-a430-a54ed364a2e3.jpeg,10000,20000,oui,"Prix indicatif pour un sac à main femme générique, sans marque ni matière confirmées.",,Description enrichie ; marque et modèle à vérifier sur le média
PR098,Bague fantaisie,Bijoux,Bague,5500,1,,,,,,,Femme,"Bague fantaisie décorative, idéale pour apporter une touche élégante à une tenue.","Bague fantaisie

Ce bijou fantaisie présente un style décoratif et peut être porté au quotidien ou lors d’une occasion particulière. Sa forme et ses détails sont visibles sur le média associé.",produits/notes/PR098.txt,PR098,draft,1,0,media_unique_a_verifier,oui,6cd5155a-6ea4-4097-be0a-db104f4fdec5.jpeg,3000,10000,oui,"Prix indicatif pour une bague fantaisie sans métal, pierre ou marque confirmés.",,Description enrichie ; matière et dimensions à vérifier
PR099,Sac à main femme,Sacs,Sac à main,12000,1,,,,,,,Femme,"Sac à main femme au style élégant, conçu pour accompagner les tenues du quotidien comme les occasions habillées.","Sac à main femme

Ce sac à main pour femme présente une silhouette élégante et soignée. Son format permet de transporter les essentiels du quotidien tout en conservant une allure structurée et féminine. Il peut accompagner une tenue de travail, une sortie en ville ou une occasion plus habillée.",produits/notes/PR099.txt,PR099,draft,1,0,media_unique_a_verifier,oui,6f522d21-4508-4bb4-93a4-bb03879e8cf7.jpeg,10000,20000,oui,"Prix indicatif pour un sac à main femme générique, sans marque ni matière confirmées.",,Description enrichie ; marque et modèle à vérifier sur le média
PR100,Déodorant corporel parfumé,Beauté et soins,Déodorant,3000,1,,,,,,,Mixte,Déodorant corporel parfumé pour une sensation de fraîcheur au quotidien.,"Déodorant corporel parfumé

Ce déodorant corporel parfumé est conçu pour compléter une routine de soin et apporter une sensation de fraîcheur. Son conditionnement et sa présentation sont visibles sur le média associé.",produits/notes/PR100.txt,PR100,draft,1,0,media_unique_a_verifier,oui,70bb3294-509f-42f4-a804-a006d00f00f2.jpeg,2500,5000,oui,"Prix indicatif pour un déodorant corporel générique, contenance et marque non confirmées.",,Description enrichie ; informations d’étiquette à vérifier
PR101,Soin parfumé pour le corps,Beauté et soins,Soin corporel,3000,1,,,,,,,Femme,Soin corporel parfumé destiné à compléter une routine beauté quotidienne.,"Soin parfumé pour le corps

Ce soin parfumé pour le corps s’intègre dans une routine beauté et laisse la peau délicatement parfumée. Le produit et son conditionnement sont présentés sur le média associé.",produits/notes/PR101.txt,PR101,draft,1,0,media_unique_a_verifier,oui,7195092f-82bc-4791-a0ad-5f33259d730c.jpeg,2000,6000,oui,"Prix indicatif pour un soin corporel parfumé générique, contenance et marque non confirmées.",,Description enrichie ; informations d’étiquette à vérifier
PR102,Sac à main femme,Sacs,Sac à main,12000,1,,,,,,,Femme,"Sac à main femme au style élégant, conçu pour accompagner les tenues du quotidien comme les occasions habillées.","Sac à main femme

Ce sac à main pour femme présente une silhouette élégante et soignée. Son format permet de transporter les essentiels du quotidien tout en conservant une allure structurée et féminine. Il peut accompagner une tenue de travail, une sortie en ville ou une occasion plus habillée.",produits/notes/PR102.txt,PR102,draft,1,0,media_unique_a_verifier,oui,71bd290a-192b-4eaf-b703-fa663b227bc3.jpeg,10000,20000,oui,"Prix indicatif pour un sac à main femme générique, sans marque ni matière confirmées.",,Description enrichie ; marque et modèle à vérifier sur le média
PR103,Bracelet fantaisie,Bijoux,Bracelet,7500,1,,,,,,,Femme,"Bracelet fantaisie décoratif, conçu pour compléter une tenue avec élégance.","Bracelet fantaisie

Ce bijou fantaisie présente un style décoratif et peut être porté au quotidien ou lors d’une occasion particulière. Sa forme et ses détails sont visibles sur le média associé.",produits/notes/PR103.txt,PR103,draft,1,0,media_unique_a_verifier,oui,72a832bf-5c11-4d54-89c1-0295f9717bc0.jpeg,5500,12900,oui,"Prix indicatif pour un bracelet fantaisie sans métal, pierre ou marque confirmés.",,Description enrichie ; matière et dimensions à vérifier
PR104,Soin parfumé pour le corps,Beauté et soins,Soin corporel,3000,1,,,,,,,Femme,Soin corporel parfumé destiné à compléter une routine beauté quotidienne.,"Soin parfumé pour le corps

Ce soin parfumé pour le corps s’intègre dans une routine beauté et laisse la peau délicatement parfumée. Le produit et son conditionnement sont présentés sur le média associé.",produits/notes/PR104.txt,PR104,draft,1,0,media_unique_a_verifier,oui,739cfa1b-4b17-4fb9-af9b-71b2038e28e1.jpeg,2000,6000,oui,"Prix indicatif pour un soin corporel parfumé générique, contenance et marque non confirmées.",,Description enrichie ; informations d’étiquette à vérifier
PR105,Bague fantaisie,Bijoux,Bague,5500,1,,,,,,,Femme,"Bague fantaisie décorative, idéale pour apporter une touche élégante à une tenue.","Bague fantaisie

Ce bijou fantaisie présente un style décoratif et peut être porté au quotidien ou lors d’une occasion particulière. Sa forme et ses détails sont visibles sur le média associé.",produits/notes/PR105.txt,PR105,draft,1,0,media_unique_a_verifier,oui,75f874f7-46b2-4ee0-8f91-ab72ad2e4f9a.jpeg,3000,10000,oui,"Prix indicatif pour une bague fantaisie sans métal, pierre ou marque confirmés.",,Description enrichie ; matière et dimensions à vérifier
PR106,Sac à main femme,Sacs,Sac à main,12000,1,,,,,,,Femme,"Sac à main femme au style élégant, conçu pour accompagner les tenues du quotidien comme les occasions habillées.","Sac à main femme

Ce sac à main pour femme présente une silhouette élégante et soignée. Son format permet de transporter les essentiels du quotidien tout en conservant une allure structurée et féminine. Il peut accompagner une tenue de travail, une sortie en ville ou une occasion plus habillée.",produits/notes/PR106.txt,PR106,draft,1,0,media_unique_a_verifier,oui,76c19639-c49c-463f-98af-31836d360bb7.jpeg,10000,20000,oui,"Prix indicatif pour un sac à main femme générique, sans marque ni matière confirmées.",,Description enrichie ; marque et modèle à vérifier sur le média
PR107,Soin parfumé pour le corps,Beauté et soins,Soin corporel,3000,1,,,,,,,Femme,Soin corporel parfumé destiné à compléter une routine beauté quotidienne.,"Soin parfumé pour le corps

Ce soin parfumé pour le corps s’intègre dans une routine beauté et laisse la peau délicatement parfumée. Le produit et son conditionnement sont présentés sur le média associé.",produits/notes/PR107.txt,PR107,draft,1,0,media_unique_a_verifier,oui,7afcd0c0-ae8c-4fad-8a98-81f2fa7a105c.jpeg,2000,6000,oui,"Prix indicatif pour un soin corporel parfumé générique, contenance et marque non confirmées.",,Description enrichie ; informations d’étiquette à vérifier
PR108,Eau de parfum,Parfums,Eau de parfum,10000,1,,,,,,,Mixte,"Eau de parfum présentée avec son flacon ou son emballage, destinée à compléter une collection de fragrances.","Eau de parfum

Cette fragrance est présentée avec son flacon ou son emballage visible sur le média associé. Elle convient à une utilisation quotidienne ou à des occasions particulières, selon son profil olfactif.

INFORMATIONS À CONFIRMER
• Nom commercial exact
• Marque
• Contenance
• Concentration et notes olfactives

Aucune pyramide olfactive ni comparaison avec une autre fragrance n’est ajoutée sans identification certaine du produit.",produits/notes/PR108.txt,PR108,draft,1,0,media_unique_a_verifier,oui,7b90aea9-16b5-46bf-927a-660dbdd15532.jpeg,6800,15000,oui,Prix indicatif pour une eau de parfum générique/non identifiée. Marque et contenance à confirmer.,,Produit non identifié avec une certitude suffisante
PR109,Bague fantaisie,Bijoux,Bague,5500,1,,,,,,,Femme,"Bague fantaisie décorative, idéale pour apporter une touche élégante à une tenue.","Bague fantaisie

Ce bijou fantaisie présente un style décoratif et peut être porté au quotidien ou lors d’une occasion particulière. Sa forme et ses détails sont visibles sur le média associé.",produits/notes/PR109.txt,PR109,draft,1,0,media_unique_a_verifier,oui,7c2a292e-7f23-4c2d-9a35-2b446a372862.jpeg,3000,10000,oui,"Prix indicatif pour une bague fantaisie sans métal, pierre ou marque confirmés.",,Description enrichie ; matière et dimensions à vérifier
PR110,Sac à main femme,Sacs,Sac à main,12000,1,,,,,,,Femme,"Sac à main femme au style élégant, conçu pour accompagner les tenues du quotidien comme les occasions habillées.","Sac à main femme

Ce sac à main pour femme présente une silhouette élégante et soignée. Son format permet de transporter les essentiels du quotidien tout en conservant une allure structurée et féminine. Il peut accompagner une tenue de travail, une sortie en ville ou une occasion plus habillée.",produits/notes/PR110.txt,PR110,draft,1,0,media_unique_a_verifier,oui,7df35645-76f2-44d0-adbb-a152207e8692.jpeg,10000,20000,oui,"Prix indicatif pour un sac à main femme générique, sans marque ni matière confirmées.",,Description enrichie ; marque et modèle à vérifier sur le média
PR111,Sac à main femme,Sacs,Sac à main,12000,1,,,,,,,Femme,"Sac à main femme au style élégant, conçu pour accompagner les tenues du quotidien comme les occasions habillées.","Sac à main femme

Ce sac à main pour femme présente une silhouette élégante et soignée. Son format permet de transporter les essentiels du quotidien tout en conservant une allure structurée et féminine. Il peut accompagner une tenue de travail, une sortie en ville ou une occasion plus habillée.",produits/notes/PR111.txt,PR111,draft,1,0,media_unique_a_verifier,oui,7f54403a-b3fc-4138-8ad4-f09928d48f95.jpeg,10000,20000,oui,"Prix indicatif pour un sac à main femme générique, sans marque ni matière confirmées.",,Description enrichie ; marque et modèle à vérifier sur le média
PR112,Sac à main femme,Sacs,Sac à main,12000,1,,,,,,,Femme,"Sac à main femme au style élégant, conçu pour accompagner les tenues du quotidien comme les occasions habillées.","Sac à main femme

Ce sac à main pour femme présente une silhouette élégante et soignée. Son format permet de transporter les essentiels du quotidien tout en conservant une allure structurée et féminine. Il peut accompagner une tenue de travail, une sortie en ville ou une occasion plus habillée.",produits/notes/PR112.txt,PR112,draft,1,0,media_unique_a_verifier,oui,7ff5006f-7d7f-4712-bb92-80599e583ce4.jpeg,10000,20000,oui,"Prix indicatif pour un sac à main femme générique, sans marque ni matière confirmées.",,Description enrichie ; marque et modèle à vérifier sur le média
PR113,Sac à main femme,Sacs,Sac à main,12000,1,,,,,,,Femme,"Sac à main femme au style élégant, conçu pour accompagner les tenues du quotidien comme les occasions habillées.","Sac à main femme

Ce sac à main pour femme présente une silhouette élégante et soignée. Son format permet de transporter les essentiels du quotidien tout en conservant une allure structurée et féminine. Il peut accompagner une tenue de travail, une sortie en ville ou une occasion plus habillée.",produits/notes/PR113.txt,PR113,draft,1,0,media_unique_a_verifier,oui,82e42b81-cfbb-4b98-8338-b2ff3831de52.jpeg,10000,20000,oui,"Prix indicatif pour un sac à main femme générique, sans marque ni matière confirmées.",,Description enrichie ; marque et modèle à vérifier sur le média
PR114,Sac à main femme,Sacs,Sac à main,12000,1,,,,,,,Femme,"Sac à main femme au style élégant, conçu pour accompagner les tenues du quotidien comme les occasions habillées.","Sac à main femme

Ce sac à main pour femme présente une silhouette élégante et soignée. Son format permet de transporter les essentiels du quotidien tout en conservant une allure structurée et féminine. Il peut accompagner une tenue de travail, une sortie en ville ou une occasion plus habillée.",produits/notes/PR114.txt,PR114,draft,1,0,media_unique_a_verifier,oui,8391ce38-df7e-473e-8f15-0ef1691d3e90.jpeg,10000,20000,oui,"Prix indicatif pour un sac à main femme générique, sans marque ni matière confirmées.",,Description enrichie ; marque et modèle à vérifier sur le média
PR115,Sac à main femme,Sacs,Sac à main,12000,1,,,,,,,Femme,"Sac à main femme au style élégant, conçu pour accompagner les tenues du quotidien comme les occasions habillées.","Sac à main femme

Ce sac à main pour femme présente une silhouette élégante et soignée. Son format permet de transporter les essentiels du quotidien tout en conservant une allure structurée et féminine. Il peut accompagner une tenue de travail, une sortie en ville ou une occasion plus habillée.",produits/notes/PR115.txt,PR115,draft,1,0,media_unique_a_verifier,oui,83b974e0-2d21-4dc3-bc97-143adc729769.jpeg,10000,20000,oui,"Prix indicatif pour un sac à main femme générique, sans marque ni matière confirmées.",,Description enrichie ; marque et modèle à vérifier sur le média
PR116,Bague fantaisie,Bijoux,Bague,5500,1,,,,,,,Femme,"Bague fantaisie décorative, idéale pour apporter une touche élégante à une tenue.","Bague fantaisie

Ce bijou fantaisie présente un style décoratif et peut être porté au quotidien ou lors d’une occasion particulière. Sa forme et ses détails sont visibles sur le média associé.",produits/notes/PR116.txt,PR116,draft,1,0,media_unique_a_verifier,oui,86e4dcfa-b6d6-4e61-87a8-771e7fb25074.jpeg,3000,10000,oui,"Prix indicatif pour une bague fantaisie sans métal, pierre ou marque confirmés.",,Description enrichie ; matière et dimensions à vérifier
PR117,Sac à main femme,Sacs,Sac à main,12000,1,,,,,,,Femme,"Sac à main femme au style élégant, conçu pour accompagner les tenues du quotidien comme les occasions habillées.","Sac à main femme

Ce sac à main pour femme présente une silhouette élégante et soignée. Son format permet de transporter les essentiels du quotidien tout en conservant une allure structurée et féminine. Il peut accompagner une tenue de travail, une sortie en ville ou une occasion plus habillée.",produits/notes/PR117.txt,PR117,draft,1,0,media_unique_a_verifier,oui,881a4088-581b-41b4-a0c3-fb5d5c272b72.jpeg,10000,20000,oui,"Prix indicatif pour un sac à main femme générique, sans marque ni matière confirmées.",,Description enrichie ; marque et modèle à vérifier sur le média
PR118,Sac à main femme,Sacs,Sac à main,12000,1,,,,,,,Femme,"Sac à main femme au style élégant, conçu pour accompagner les tenues du quotidien comme les occasions habillées.","Sac à main femme

Ce sac à main pour femme présente une silhouette élégante et soignée. Son format permet de transporter les essentiels du quotidien tout en conservant une allure structurée et féminine. Il peut accompagner une tenue de travail, une sortie en ville ou une occasion plus habillée.",produits/notes/PR118.txt,PR118,draft,1,0,media_unique_a_verifier,oui,8BBF214C-B0C7-40E5-8451-168DA891E9AE.jpeg,10000,20000,oui,"Prix indicatif pour un sac à main femme générique, sans marque ni matière confirmées.",,Description enrichie ; marque et modèle à vérifier sur le média
PR119,Déodorant corporel parfumé,Beauté et soins,Déodorant,3000,1,,,,,,,Mixte,Déodorant corporel parfumé pour une sensation de fraîcheur au quotidien.,"Déodorant corporel parfumé

Ce déodorant corporel parfumé est conçu pour compléter une routine de soin et apporter une sensation de fraîcheur. Son conditionnement et sa présentation sont visibles sur le média associé.",produits/notes/PR119.txt,PR119,draft,1,0,media_unique_a_verifier,oui,8acc654d-d6fe-411d-8c62-029328cbdc38.jpeg,2500,5000,oui,"Prix indicatif pour un déodorant corporel générique, contenance et marque non confirmées.",,Description enrichie ; informations d’étiquette à vérifier
PR120,Sac à main femme,Sacs,Sac à main,12000,1,,,,,,,Femme,"Sac à main femme au style élégant, conçu pour accompagner les tenues du quotidien comme les occasions habillées.","Sac à main femme

Ce sac à main pour femme présente une silhouette élégante et soignée. Son format permet de transporter les essentiels du quotidien tout en conservant une allure structurée et féminine. Il peut accompagner une tenue de travail, une sortie en ville ou une occasion plus habillée.",produits/notes/PR120.txt,PR120,draft,1,0,media_unique_a_verifier,oui,8c80ac91-22c1-4d59-85fb-08358b76501f.jpeg,10000,20000,oui,"Prix indicatif pour un sac à main femme générique, sans marque ni matière confirmées.",,Description enrichie ; marque et modèle à vérifier sur le média
PR121,Sac à main femme,Sacs,Sac à main,12000,1,,,,,,,Femme,"Sac à main femme au style élégant, conçu pour accompagner les tenues du quotidien comme les occasions habillées.","Sac à main femme

Ce sac à main pour femme présente une silhouette élégante et soignée. Son format permet de transporter les essentiels du quotidien tout en conservant une allure structurée et féminine. Il peut accompagner une tenue de travail, une sortie en ville ou une occasion plus habillée.",produits/notes/PR121.txt,PR121,draft,1,0,media_unique_a_verifier,oui,8ce83aca-2f44-4aa5-ae31-10847b2b4dd6.jpeg,10000,20000,oui,"Prix indicatif pour un sac à main femme générique, sans marque ni matière confirmées.",,Description enrichie ; marque et modèle à vérifier sur le média
PR122,Sac à main femme,Sacs,Sac à main,12000,1,,,,,,,Femme,"Sac à main femme au style élégant, conçu pour accompagner les tenues du quotidien comme les occasions habillées.","Sac à main femme

Ce sac à main pour femme présente une silhouette élégante et soignée. Son format permet de transporter les essentiels du quotidien tout en conservant une allure structurée et féminine. Il peut accompagner une tenue de travail, une sortie en ville ou une occasion plus habillée.",produits/notes/PR122.txt,PR122,draft,1,0,media_unique_a_verifier,oui,8e55ad18-2bdd-4a26-be83-6374fb241985.jpeg,10000,20000,oui,"Prix indicatif pour un sac à main femme générique, sans marque ni matière confirmées.",,Description enrichie ; marque et modèle à vérifier sur le média
PR123,Sac à main femme,Sacs,Sac à main,12000,1,,,,,,,Femme,"Sac à main femme au style élégant, conçu pour accompagner les tenues du quotidien comme les occasions habillées.","Sac à main femme

Ce sac à main pour femme présente une silhouette élégante et soignée. Son format permet de transporter les essentiels du quotidien tout en conservant une allure structurée et féminine. Il peut accompagner une tenue de travail, une sortie en ville ou une occasion plus habillée.",produits/notes/PR123.txt,PR123,draft,1,0,media_unique_a_verifier,oui,8f465fb8-c112-4a64-8533-bf910b501679.jpeg,10000,20000,oui,"Prix indicatif pour un sac à main femme générique, sans marque ni matière confirmées.",,Description enrichie ; marque et modèle à vérifier sur le média
PR124,Soin parfumé pour le corps,Beauté et soins,Soin corporel,3000,1,,,,,,,Femme,Soin corporel parfumé destiné à compléter une routine beauté quotidienne.,"Soin parfumé pour le corps

Ce soin parfumé pour le corps s’intègre dans une routine beauté et laisse la peau délicatement parfumée. Le produit et son conditionnement sont présentés sur le média associé.",produits/notes/PR124.txt,PR124,draft,1,0,media_unique_a_verifier,oui,912d6f08-43e2-4987-9f7e-c59901ecce07.jpeg,2000,6000,oui,"Prix indicatif pour un soin corporel parfumé générique, contenance et marque non confirmées.",,Description enrichie ; informations d’étiquette à vérifier
PR125,Eau de parfum,Parfums,Eau de parfum,10000,1,,,,,,,Mixte,"Eau de parfum présentée avec son flacon ou son emballage, destinée à compléter une collection de fragrances.","Eau de parfum

Cette fragrance est présentée avec son flacon ou son emballage visible sur le média associé. Elle convient à une utilisation quotidienne ou à des occasions particulières, selon son profil olfactif.

INFORMATIONS À CONFIRMER
• Nom commercial exact
• Marque
• Contenance
• Concentration et notes olfactives

Aucune pyramide olfactive ni comparaison avec une autre fragrance n’est ajoutée sans identification certaine du produit.",produits/notes/PR125.txt,PR125,draft,1,0,media_unique_a_verifier,oui,93b12470-f5eb-4f41-a194-29947de385bb.jpeg,6800,15000,oui,Prix indicatif pour une eau de parfum générique/non identifiée. Marque et contenance à confirmer.,,Produit non identifié avec une certitude suffisante
PR126,Sac à main femme,Sacs,Sac à main,12000,1,,,,,,,Femme,"Sac à main femme au style élégant, conçu pour accompagner les tenues du quotidien comme les occasions habillées.","Sac à main femme

Ce sac à main pour femme présente une silhouette élégante et soignée. Son format permet de transporter les essentiels du quotidien tout en conservant une allure structurée et féminine. Il peut accompagner une tenue de travail, une sortie en ville ou une occasion plus habillée.",produits/notes/PR126.txt,PR126,draft,1,0,media_unique_a_verifier,oui,9490a56f-d732-4840-945b-7ac9ab14aa75.jpeg,10000,20000,oui,"Prix indicatif pour un sac à main femme générique, sans marque ni matière confirmées.",,Description enrichie ; marque et modèle à vérifier sur le média
PR127,Eau de parfum,Parfums,Eau de parfum,10000,1,,,,,,,Mixte,"Eau de parfum présentée avec son flacon ou son emballage, destinée à compléter une collection de fragrances.","Eau de parfum

Cette fragrance est présentée avec son flacon ou son emballage visible sur le média associé. Elle convient à une utilisation quotidienne ou à des occasions particulières, selon son profil olfactif.

INFORMATIONS À CONFIRMER
• Nom commercial exact
• Marque
• Contenance
• Concentration et notes olfactives

Aucune pyramide olfactive ni comparaison avec une autre fragrance n’est ajoutée sans identification certaine du produit.",produits/notes/PR127.txt,PR127,draft,1,0,media_unique_a_verifier,oui,949bf86c-4395-4f9f-9201-db1da47da646.jpeg,6800,15000,oui,Prix indicatif pour une eau de parfum générique/non identifiée. Marque et contenance à confirmer.,,Produit non identifié avec une certitude suffisante
PR128,Soin parfumé pour le corps,Beauté et soins,Soin corporel,3000,1,,,,,,,Femme,Soin corporel parfumé destiné à compléter une routine beauté quotidienne.,"Soin parfumé pour le corps

Ce soin parfumé pour le corps s’intègre dans une routine beauté et laisse la peau délicatement parfumée. Le produit et son conditionnement sont présentés sur le média associé.",produits/notes/PR128.txt,PR128,draft,1,0,media_unique_a_verifier,oui,95397560-ea8c-470b-80a7-030c60b2faa7.jpeg,2000,6000,oui,"Prix indicatif pour un soin corporel parfumé générique, contenance et marque non confirmées.",,Description enrichie ; informations d’étiquette à vérifier
PR129,Sac à main femme,Sacs,Sac à main,12000,1,,,,,,,Femme,"Sac à main femme au style élégant, conçu pour accompagner les tenues du quotidien comme les occasions habillées.","Sac à main femme

Ce sac à main pour femme présente une silhouette élégante et soignée. Son format permet de transporter les essentiels du quotidien tout en conservant une allure structurée et féminine. Il peut accompagner une tenue de travail, une sortie en ville ou une occasion plus habillée.",produits/notes/PR129.txt,PR129,draft,1,0,media_unique_a_verifier,oui,95ceff2b-35ab-4106-a1ed-44214bff095f.jpeg,10000,20000,oui,"Prix indicatif pour un sac à main femme générique, sans marque ni matière confirmées.",,Description enrichie ; marque et modèle à vérifier sur le média
PR130,Déodorant corporel parfumé,Beauté et soins,Déodorant,3000,1,,,,,,,Mixte,Déodorant corporel parfumé pour une sensation de fraîcheur au quotidien.,"Déodorant corporel parfumé

Ce déodorant corporel parfumé est conçu pour compléter une routine de soin et apporter une sensation de fraîcheur. Son conditionnement et sa présentation sont visibles sur le média associé.",produits/notes/PR130.txt,PR130,draft,1,0,media_unique_a_verifier,oui,9750fd74-1b5b-4d35-b49d-c396ee43e6c6.jpeg,2500,5000,oui,"Prix indicatif pour un déodorant corporel générique, contenance et marque non confirmées.",,Description enrichie ; informations d’étiquette à vérifier
PR131,Sac à main femme,Sacs,Sac à main,12000,1,,,,,,,Femme,"Sac à main femme au style élégant, conçu pour accompagner les tenues du quotidien comme les occasions habillées.","Sac à main femme

Ce sac à main pour femme présente une silhouette élégante et soignée. Son format permet de transporter les essentiels du quotidien tout en conservant une allure structurée et féminine. Il peut accompagner une tenue de travail, une sortie en ville ou une occasion plus habillée.",produits/notes/PR131.txt,PR131,draft,1,0,media_unique_a_verifier,oui,97905c2b-279e-471e-be47-bcc5ba72a51b.jpeg,10000,20000,oui,"Prix indicatif pour un sac à main femme générique, sans marque ni matière confirmées.",,Description enrichie ; marque et modèle à vérifier sur le média
PR132,Déodorant corporel parfumé,Beauté et soins,Déodorant,3000,1,,,,,,,Mixte,Déodorant corporel parfumé pour une sensation de fraîcheur au quotidien.,"Déodorant corporel parfumé

Ce déodorant corporel parfumé est conçu pour compléter une routine de soin et apporter une sensation de fraîcheur. Son conditionnement et sa présentation sont visibles sur le média associé.",produits/notes/PR132.txt,PR132,draft,1,0,media_unique_a_verifier,oui,986c2ba0-4939-42dd-84ba-4302086556cb.jpeg,2500,5000,oui,"Prix indicatif pour un déodorant corporel générique, contenance et marque non confirmées.",,Description enrichie ; informations d’étiquette à vérifier
PR133,Sac à main femme,Sacs,Sac à main,12000,1,,,,,,,Femme,"Sac à main femme au style élégant, conçu pour accompagner les tenues du quotidien comme les occasions habillées.","Sac à main femme

Ce sac à main pour femme présente une silhouette élégante et soignée. Son format permet de transporter les essentiels du quotidien tout en conservant une allure structurée et féminine. Il peut accompagner une tenue de travail, une sortie en ville ou une occasion plus habillée.",produits/notes/PR133.txt,PR133,draft,1,0,media_unique_a_verifier,oui,996ecb05-d984-42cd-ae65-5fb2d2388f84.jpeg,10000,20000,oui,"Prix indicatif pour un sac à main femme générique, sans marque ni matière confirmées.",,Description enrichie ; marque et modèle à vérifier sur le média
PR134,Déodorant corporel parfumé,Beauté et soins,Déodorant,3000,1,,,,,,,Mixte,Déodorant corporel parfumé pour une sensation de fraîcheur au quotidien.,"Déodorant corporel parfumé

Ce déodorant corporel parfumé est conçu pour compléter une routine de soin et apporter une sensation de fraîcheur. Son conditionnement et sa présentation sont visibles sur le média associé.",produits/notes/PR134.txt,PR134,draft,1,0,media_unique_a_verifier,oui,9adaeb25-5a96-4197-89dc-20373b05f5c1.jpeg,2500,5000,oui,"Prix indicatif pour un déodorant corporel générique, contenance et marque non confirmées.",,Description enrichie ; informations d’étiquette à vérifier
PR135,Bague fantaisie,Bijoux,Bague,5500,1,,,,,,,Femme,"Bague fantaisie décorative, idéale pour apporter une touche élégante à une tenue.","Bague fantaisie

Ce bijou fantaisie présente un style décoratif et peut être porté au quotidien ou lors d’une occasion particulière. Sa forme et ses détails sont visibles sur le média associé.",produits/notes/PR135.txt,PR135,draft,1,0,media_unique_a_verifier,oui,9e0ab945-698f-463d-9692-67e4febc4504.jpeg,3000,10000,oui,"Prix indicatif pour une bague fantaisie sans métal, pierre ou marque confirmés.",,Description enrichie ; matière et dimensions à vérifier
PR136,Sac à main femme,Sacs,Sac à main,12000,1,,,,,,,Femme,"Sac à main femme au style élégant, conçu pour accompagner les tenues du quotidien comme les occasions habillées.","Sac à main femme

Ce sac à main pour femme présente une silhouette élégante et soignée. Son format permet de transporter les essentiels du quotidien tout en conservant une allure structurée et féminine. Il peut accompagner une tenue de travail, une sortie en ville ou une occasion plus habillée.",produits/notes/PR136.txt,PR136,draft,1,0,media_unique_a_verifier,oui,D192E466-0748-4291-B3AF-B4E5A931930E.jpeg,10000,20000,oui,"Prix indicatif pour un sac à main femme générique, sans marque ni matière confirmées.",,Description enrichie ; marque et modèle à vérifier sur le média
PR137,Sac à main femme,Sacs,Sac à main,12000,1,,,,,,,Femme,"Sac à main femme au style élégant, conçu pour accompagner les tenues du quotidien comme les occasions habillées.","Sac à main femme

Ce sac à main pour femme présente une silhouette élégante et soignée. Son format permet de transporter les essentiels du quotidien tout en conservant une allure structurée et féminine. Il peut accompagner une tenue de travail, une sortie en ville ou une occasion plus habillée.",produits/notes/PR137.txt,PR137,draft,1,0,media_unique_a_verifier,oui,a12ea524-359e-4101-94f1-e1d731f86954.jpeg,10000,20000,oui,"Prix indicatif pour un sac à main femme générique, sans marque ni matière confirmées.",,Description enrichie ; marque et modèle à vérifier sur le média
PR138,Sac à main femme,Sacs,Sac à main,12000,1,,,,,,,Femme,"Sac à main femme au style élégant, conçu pour accompagner les tenues du quotidien comme les occasions habillées.","Sac à main femme

Ce sac à main pour femme présente une silhouette élégante et soignée. Son format permet de transporter les essentiels du quotidien tout en conservant une allure structurée et féminine. Il peut accompagner une tenue de travail, une sortie en ville ou une occasion plus habillée.",produits/notes/PR138.txt,PR138,draft,1,0,media_unique_a_verifier,oui,a1582843-e575-4546-98a6-57284f76cc24.jpeg,10000,20000,oui,"Prix indicatif pour un sac à main femme générique, sans marque ni matière confirmées.",,Description enrichie ; marque et modèle à vérifier sur le média
PR139,Sac à main femme,Sacs,Sac à main,12000,1,,,,,,,Femme,"Sac à main femme au style élégant, conçu pour accompagner les tenues du quotidien comme les occasions habillées.","Sac à main femme

Ce sac à main pour femme présente une silhouette élégante et soignée. Son format permet de transporter les essentiels du quotidien tout en conservant une allure structurée et féminine. Il peut accompagner une tenue de travail, une sortie en ville ou une occasion plus habillée.",produits/notes/PR139.txt,PR139,draft,1,0,media_unique_a_verifier,oui,a1df2002-8738-4df4-957a-ab4e7395448b.jpeg,10000,20000,oui,"Prix indicatif pour un sac à main femme générique, sans marque ni matière confirmées.",,Description enrichie ; marque et modèle à vérifier sur le média
PR140,Sac à main femme,Sacs,Sac à main,12000,1,,,,,,,Femme,"Sac à main femme au style élégant, conçu pour accompagner les tenues du quotidien comme les occasions habillées.","Sac à main femme

Ce sac à main pour femme présente une silhouette élégante et soignée. Son format permet de transporter les essentiels du quotidien tout en conservant une allure structurée et féminine. Il peut accompagner une tenue de travail, une sortie en ville ou une occasion plus habillée.",produits/notes/PR140.txt,PR140,draft,1,0,media_unique_a_verifier,oui,a357a73c-63ba-4412-a73d-e7d2216d5c0c.jpeg,10000,20000,oui,"Prix indicatif pour un sac à main femme générique, sans marque ni matière confirmées.",,Description enrichie ; marque et modèle à vérifier sur le média
PR141,Sac à main femme,Sacs,Sac à main,12000,1,,,,,,,Femme,"Sac à main femme au style élégant, conçu pour accompagner les tenues du quotidien comme les occasions habillées.","Sac à main femme

Ce sac à main pour femme présente une silhouette élégante et soignée. Son format permet de transporter les essentiels du quotidien tout en conservant une allure structurée et féminine. Il peut accompagner une tenue de travail, une sortie en ville ou une occasion plus habillée.",produits/notes/PR141.txt,PR141,draft,1,0,media_unique_a_verifier,oui,a44cad81-7ba5-44c6-9593-a2ed8fd45daa.jpeg,10000,20000,oui,"Prix indicatif pour un sac à main femme générique, sans marque ni matière confirmées.",,Description enrichie ; marque et modèle à vérifier sur le média
PR142,Sac à main femme,Sacs,Sac à main,12000,1,,,,,,,Femme,"Sac à main femme au style élégant, conçu pour accompagner les tenues du quotidien comme les occasions habillées.","Sac à main femme

Ce sac à main pour femme présente une silhouette élégante et soignée. Son format permet de transporter les essentiels du quotidien tout en conservant une allure structurée et féminine. Il peut accompagner une tenue de travail, une sortie en ville ou une occasion plus habillée.",produits/notes/PR142.txt,PR142,draft,1,0,media_unique_a_verifier,oui,a5472307-0c75-46e6-ac15-da92bd8042e0.jpeg,10000,20000,oui,"Prix indicatif pour un sac à main femme générique, sans marque ni matière confirmées.",,Description enrichie ; marque et modèle à vérifier sur le média
PR143,Déodorant corporel parfumé,Beauté et soins,Déodorant,3000,1,,,,,,,Mixte,Déodorant corporel parfumé pour une sensation de fraîcheur au quotidien.,"Déodorant corporel parfumé

Ce déodorant corporel parfumé est conçu pour compléter une routine de soin et apporter une sensation de fraîcheur. Son conditionnement et sa présentation sont visibles sur le média associé.",produits/notes/PR143.txt,PR143,draft,1,0,media_unique_a_verifier,oui,a5cc6d45-ac70-419b-99a5-c71ab37a1f9a.jpeg,2500,5000,oui,"Prix indicatif pour un déodorant corporel générique, contenance et marque non confirmées.",,Description enrichie ; informations d’étiquette à vérifier
PR144,Sac à main femme,Sacs,Sac à main,12000,1,,,,,,,Femme,"Sac à main femme au style élégant, conçu pour accompagner les tenues du quotidien comme les occasions habillées.","Sac à main femme

Ce sac à main pour femme présente une silhouette élégante et soignée. Son format permet de transporter les essentiels du quotidien tout en conservant une allure structurée et féminine. Il peut accompagner une tenue de travail, une sortie en ville ou une occasion plus habillée.",produits/notes/PR144.txt,PR144,draft,1,0,media_unique_a_verifier,oui,a5d1e927-b798-48af-a5e0-9e005035d2c6.jpeg,10000,20000,oui,"Prix indicatif pour un sac à main femme générique, sans marque ni matière confirmées.",,Description enrichie ; marque et modèle à vérifier sur le média
PR145,Sac à main femme,Sacs,Sac à main,12000,1,,,,,,,Femme,"Sac à main femme au style élégant, conçu pour accompagner les tenues du quotidien comme les occasions habillées.","Sac à main femme

Ce sac à main pour femme présente une silhouette élégante et soignée. Son format permet de transporter les essentiels du quotidien tout en conservant une allure structurée et féminine. Il peut accompagner une tenue de travail, une sortie en ville ou une occasion plus habillée.",produits/notes/PR145.txt,PR145,draft,1,0,media_unique_a_verifier,oui,a6a8ebb4-c1cd-42f4-abd1-18334914f5d1.jpeg,10000,20000,oui,"Prix indicatif pour un sac à main femme générique, sans marque ni matière confirmées.",,Description enrichie ; marque et modèle à vérifier sur le média
PR146,Sac à main femme,Sacs,Sac à main,12000,1,,,,,,,Femme,"Sac à main femme au style élégant, conçu pour accompagner les tenues du quotidien comme les occasions habillées.","Sac à main femme

Ce sac à main pour femme présente une silhouette élégante et soignée. Son format permet de transporter les essentiels du quotidien tout en conservant une allure structurée et féminine. Il peut accompagner une tenue de travail, une sortie en ville ou une occasion plus habillée.",produits/notes/PR146.txt,PR146,draft,1,0,media_unique_a_verifier,oui,a96e1075-8450-44d9-8a05-85c334094758.jpeg,10000,20000,oui,"Prix indicatif pour un sac à main femme générique, sans marque ni matière confirmées.",,Description enrichie ; marque et modèle à vérifier sur le média
PR147,Sac à main femme,Sacs,Sac à main,12000,1,,,,,,,Femme,"Sac à main femme au style élégant, conçu pour accompagner les tenues du quotidien comme les occasions habillées.","Sac à main femme

Ce sac à main pour femme présente une silhouette élégante et soignée. Son format permet de transporter les essentiels du quotidien tout en conservant une allure structurée et féminine. Il peut accompagner une tenue de travail, une sortie en ville ou une occasion plus habillée.",produits/notes/PR147.txt,PR147,draft,1,0,media_unique_a_verifier,oui,a9a15a18-e0f7-4a1e-8896-bdad04612975.jpeg,10000,20000,oui,"Prix indicatif pour un sac à main femme générique, sans marque ni matière confirmées.",,Description enrichie ; marque et modèle à vérifier sur le média
PR148,Eau de parfum,Parfums,Eau de parfum,10000,1,,,,,,,Mixte,"Eau de parfum présentée avec son flacon ou son emballage, destinée à compléter une collection de fragrances.","Eau de parfum

Cette fragrance est présentée avec son flacon ou son emballage visible sur le média associé. Elle convient à une utilisation quotidienne ou à des occasions particulières, selon son profil olfactif.

INFORMATIONS À CONFIRMER
• Nom commercial exact
• Marque
• Contenance
• Concentration et notes olfactives

Aucune pyramide olfactive ni comparaison avec une autre fragrance n’est ajoutée sans identification certaine du produit.",produits/notes/PR148.txt,PR148,draft,1,0,media_unique_a_verifier,oui,a9e7fc09-abed-4478-ba42-03e9042f6972.jpeg,6800,15000,oui,Prix indicatif pour une eau de parfum générique/non identifiée. Marque et contenance à confirmer.,,Produit non identifié avec une certitude suffisante
PR149,Déodorant corporel parfumé,Beauté et soins,Déodorant,3000,1,,,,,,,Mixte,Déodorant corporel parfumé pour une sensation de fraîcheur au quotidien.,"Déodorant corporel parfumé

Ce déodorant corporel parfumé est conçu pour compléter une routine de soin et apporter une sensation de fraîcheur. Son conditionnement et sa présentation sont visibles sur le média associé.",produits/notes/PR149.txt,PR149,draft,1,0,media_unique_a_verifier,oui,ab9e1792-0957-4528-8979-b90562f5a6c2.jpeg,2500,5000,oui,"Prix indicatif pour un déodorant corporel générique, contenance et marque non confirmées.",,Description enrichie ; informations d’étiquette à vérifier
PR150,Soin parfumé pour le corps,Beauté et soins,Soin corporel,3000,1,,,,,,,Femme,Soin corporel parfumé destiné à compléter une routine beauté quotidienne.,"Soin parfumé pour le corps

Ce soin parfumé pour le corps s’intègre dans une routine beauté et laisse la peau délicatement parfumée. Le produit et son conditionnement sont présentés sur le média associé.",produits/notes/PR150.txt,PR150,draft,1,0,media_unique_a_verifier,oui,ad9d441d-0226-4a16-a157-f287916ebee0.jpeg,2000,6000,oui,"Prix indicatif pour un soin corporel parfumé générique, contenance et marque non confirmées.",,Description enrichie ; informations d’étiquette à vérifier
PR151,Eau de parfum,Parfums,Eau de parfum,10000,1,,,,,,,Mixte,"Eau de parfum présentée avec son flacon ou son emballage, destinée à compléter une collection de fragrances.","Eau de parfum

Cette fragrance est présentée avec son flacon ou son emballage visible sur le média associé. Elle convient à une utilisation quotidienne ou à des occasions particulières, selon son profil olfactif.

INFORMATIONS À CONFIRMER
• Nom commercial exact
• Marque
• Contenance
• Concentration et notes olfactives

Aucune pyramide olfactive ni comparaison avec une autre fragrance n’est ajoutée sans identification certaine du produit.",produits/notes/PR151.txt,PR151,draft,1,0,media_unique_a_verifier,oui,b168bc29-512d-45a8-87d6-59aad548a579.jpeg,6800,15000,oui,Prix indicatif pour une eau de parfum générique/non identifiée. Marque et contenance à confirmer.,,Produit non identifié avec une certitude suffisante
PR152,Sac à main femme,Sacs,Sac à main,12000,1,,,,,,,Femme,"Sac à main femme au style élégant, conçu pour accompagner les tenues du quotidien comme les occasions habillées.","Sac à main femme

Ce sac à main pour femme présente une silhouette élégante et soignée. Son format permet de transporter les essentiels du quotidien tout en conservant une allure structurée et féminine. Il peut accompagner une tenue de travail, une sortie en ville ou une occasion plus habillée.",produits/notes/PR152.txt,PR152,draft,1,0,media_unique_a_verifier,oui,b2ea400f-8a0c-4a25-beea-147ae8608820.jpeg,10000,20000,oui,"Prix indicatif pour un sac à main femme générique, sans marque ni matière confirmées.",,Description enrichie ; marque et modèle à vérifier sur le média
PR153,Sac à main femme,Sacs,Sac à main,12000,1,,,,,,,Femme,"Sac à main femme au style élégant, conçu pour accompagner les tenues du quotidien comme les occasions habillées.","Sac à main femme

Ce sac à main pour femme présente une silhouette élégante et soignée. Son format permet de transporter les essentiels du quotidien tout en conservant une allure structurée et féminine. Il peut accompagner une tenue de travail, une sortie en ville ou une occasion plus habillée.",produits/notes/PR153.txt,PR153,draft,1,0,media_unique_a_verifier,oui,b767260d-e39a-46d6-b3c8-bf731c576c96.jpeg,10000,20000,oui,"Prix indicatif pour un sac à main femme générique, sans marque ni matière confirmées.",,Description enrichie ; marque et modèle à vérifier sur le média
PR154,Sac à main femme,Sacs,Sac à main,12000,1,,,,,,,Femme,"Sac à main femme au style élégant, conçu pour accompagner les tenues du quotidien comme les occasions habillées.","Sac à main femme

Ce sac à main pour femme présente une silhouette élégante et soignée. Son format permet de transporter les essentiels du quotidien tout en conservant une allure structurée et féminine. Il peut accompagner une tenue de travail, une sortie en ville ou une occasion plus habillée.",produits/notes/PR154.txt,PR154,draft,1,0,media_unique_a_verifier,oui,b8cc3754-e443-4dc4-9e88-e360df37803a.jpeg,10000,20000,oui,"Prix indicatif pour un sac à main femme générique, sans marque ni matière confirmées.",,Description enrichie ; marque et modèle à vérifier sur le média
PR155,Sac à main femme,Sacs,Sac à main,12000,1,,,,,,,Femme,"Sac à main femme au style élégant, conçu pour accompagner les tenues du quotidien comme les occasions habillées.","Sac à main femme

Ce sac à main pour femme présente une silhouette élégante et soignée. Son format permet de transporter les essentiels du quotidien tout en conservant une allure structurée et féminine. Il peut accompagner une tenue de travail, une sortie en ville ou une occasion plus habillée.",produits/notes/PR155.txt,PR155,draft,1,0,media_unique_a_verifier,oui,b963680b-4d6c-4887-a7fe-466a7e310319.jpeg,10000,20000,oui,"Prix indicatif pour un sac à main femme générique, sans marque ni matière confirmées.",,Description enrichie ; marque et modèle à vérifier sur le média
PR156,Sac à main femme,Sacs,Sac à main,12000,1,,,,,,,Femme,"Sac à main femme au style élégant, conçu pour accompagner les tenues du quotidien comme les occasions habillées.","Sac à main femme

Ce sac à main pour femme présente une silhouette élégante et soignée. Son format permet de transporter les essentiels du quotidien tout en conservant une allure structurée et féminine. Il peut accompagner une tenue de travail, une sortie en ville ou une occasion plus habillée.",produits/notes/PR156.txt,PR156,draft,1,0,media_unique_a_verifier,oui,ba1d102a-2277-433d-8cb9-0d4226b99c79.jpeg,10000,20000,oui,"Prix indicatif pour un sac à main femme générique, sans marque ni matière confirmées.",,Description enrichie ; marque et modèle à vérifier sur le média
PR157,Sac à main femme,Sacs,Sac à main,12000,1,,,,,,,Femme,"Sac à main femme au style élégant, conçu pour accompagner les tenues du quotidien comme les occasions habillées.","Sac à main femme

Ce sac à main pour femme présente une silhouette élégante et soignée. Son format permet de transporter les essentiels du quotidien tout en conservant une allure structurée et féminine. Il peut accompagner une tenue de travail, une sortie en ville ou une occasion plus habillée.",produits/notes/PR157.txt,PR157,draft,1,0,media_unique_a_verifier,oui,bb40d42c-926c-43cb-8947-24d58d7a24d9.jpeg,10000,20000,oui,"Prix indicatif pour un sac à main femme générique, sans marque ni matière confirmées.",,Description enrichie ; marque et modèle à vérifier sur le média
PR158,Eau de parfum,Parfums,Eau de parfum,10000,1,,,,,,,Mixte,"Eau de parfum présentée avec son flacon ou son emballage, destinée à compléter une collection de fragrances.","Eau de parfum

Cette fragrance est présentée avec son flacon ou son emballage visible sur le média associé. Elle convient à une utilisation quotidienne ou à des occasions particulières, selon son profil olfactif.

INFORMATIONS À CONFIRMER
• Nom commercial exact
• Marque
• Contenance
• Concentration et notes olfactives

Aucune pyramide olfactive ni comparaison avec une autre fragrance n’est ajoutée sans identification certaine du produit.",produits/notes/PR158.txt,PR158,draft,1,0,media_unique_a_verifier,oui,bb72f2e3-8e78-45f7-840f-667ada95ab48.jpeg,6800,15000,oui,Prix indicatif pour une eau de parfum générique/non identifiée. Marque et contenance à confirmer.,,Produit non identifié avec une certitude suffisante
PR159,Sac à main femme,Sacs,Sac à main,12000,1,,,,,,,Femme,"Sac à main femme au style élégant, conçu pour accompagner les tenues du quotidien comme les occasions habillées.","Sac à main femme

Ce sac à main pour femme présente une silhouette élégante et soignée. Son format permet de transporter les essentiels du quotidien tout en conservant une allure structurée et féminine. Il peut accompagner une tenue de travail, une sortie en ville ou une occasion plus habillée.",produits/notes/PR159.txt,PR159,draft,1,0,media_unique_a_verifier,oui,bc8879f6-c18b-4463-a785-5a0a8c8444da.jpeg,10000,20000,oui,"Prix indicatif pour un sac à main femme générique, sans marque ni matière confirmées.",,Description enrichie ; marque et modèle à vérifier sur le média
PR160,Sac à main femme,Sacs,Sac à main,12000,1,,,,,,,Femme,"Sac à main femme au style élégant, conçu pour accompagner les tenues du quotidien comme les occasions habillées.","Sac à main femme

Ce sac à main pour femme présente une silhouette élégante et soignée. Son format permet de transporter les essentiels du quotidien tout en conservant une allure structurée et féminine. Il peut accompagner une tenue de travail, une sortie en ville ou une occasion plus habillée.",produits/notes/PR160.txt,PR160,draft,1,0,media_unique_a_verifier,oui,bd88efc5-7746-4d1f-bef6-46f4a680f627.jpeg,10000,20000,oui,"Prix indicatif pour un sac à main femme générique, sans marque ni matière confirmées.",,Description enrichie ; marque et modèle à vérifier sur le média
PR161,Sac à main femme,Sacs,Sac à main,12000,1,,,,,,,Femme,"Sac à main femme au style élégant, conçu pour accompagner les tenues du quotidien comme les occasions habillées.","Sac à main femme

Ce sac à main pour femme présente une silhouette élégante et soignée. Son format permet de transporter les essentiels du quotidien tout en conservant une allure structurée et féminine. Il peut accompagner une tenue de travail, une sortie en ville ou une occasion plus habillée.",produits/notes/PR161.txt,PR161,draft,1,0,media_unique_a_verifier,oui,be634c33-deee-4988-a151-7d4ad91a2c83.jpeg,10000,20000,oui,"Prix indicatif pour un sac à main femme générique, sans marque ni matière confirmées.",,Description enrichie ; marque et modèle à vérifier sur le média
PR162,Sac à main femme,Sacs,Sac à main,12000,1,,,,,,,Femme,"Sac à main femme au style élégant, conçu pour accompagner les tenues du quotidien comme les occasions habillées.","Sac à main femme

Ce sac à main pour femme présente une silhouette élégante et soignée. Son format permet de transporter les essentiels du quotidien tout en conservant une allure structurée et féminine. Il peut accompagner une tenue de travail, une sortie en ville ou une occasion plus habillée.",produits/notes/PR162.txt,PR162,draft,1,0,media_unique_a_verifier,oui,bfa3c4ca-eb9e-4f8c-9215-0ab0b05c2f3a.jpeg,10000,20000,oui,"Prix indicatif pour un sac à main femme générique, sans marque ni matière confirmées.",,Description enrichie ; marque et modèle à vérifier sur le média
PR163,Soin parfumé pour le corps,Beauté et soins,Soin corporel,3000,1,,,,,,,Femme,Soin corporel parfumé destiné à compléter une routine beauté quotidienne.,"Soin parfumé pour le corps

Ce soin parfumé pour le corps s’intègre dans une routine beauté et laisse la peau délicatement parfumée. Le produit et son conditionnement sont présentés sur le média associé.",produits/notes/PR163.txt,PR163,draft,1,0,media_unique_a_verifier,oui,c047c5bd-6554-4833-82d3-60fa248c2d78.jpeg,2000,6000,oui,"Prix indicatif pour un soin corporel parfumé générique, contenance et marque non confirmées.",,Description enrichie ; informations d’étiquette à vérifier
PR164,Sac à main femme,Sacs,Sac à main,12000,1,,,,,,,Femme,"Sac à main femme au style élégant, conçu pour accompagner les tenues du quotidien comme les occasions habillées.","Sac à main femme

Ce sac à main pour femme présente une silhouette élégante et soignée. Son format permet de transporter les essentiels du quotidien tout en conservant une allure structurée et féminine. Il peut accompagner une tenue de travail, une sortie en ville ou une occasion plus habillée.",produits/notes/PR164.txt,PR164,draft,1,0,media_unique_a_verifier,oui,c1313039-03db-4ee8-b9a5-aa08bb060db8.jpeg,10000,20000,oui,"Prix indicatif pour un sac à main femme générique, sans marque ni matière confirmées.",,Description enrichie ; marque et modèle à vérifier sur le média
PR165,Déodorant corporel parfumé,Beauté et soins,Déodorant,3000,1,,,,,,,Mixte,Déodorant corporel parfumé pour une sensation de fraîcheur au quotidien.,"Déodorant corporel parfumé

Ce déodorant corporel parfumé est conçu pour compléter une routine de soin et apporter une sensation de fraîcheur. Son conditionnement et sa présentation sont visibles sur le média associé.",produits/notes/PR165.txt,PR165,draft,1,0,media_unique_a_verifier,oui,c13d5c96-71ee-4a63-8979-afac462ddc19.jpeg,2500,5000,oui,"Prix indicatif pour un déodorant corporel générique, contenance et marque non confirmées.",,Description enrichie ; informations d’étiquette à vérifier
PR166,Soin parfumé pour le corps,Beauté et soins,Soin corporel,3000,1,,,,,,,Femme,Soin corporel parfumé destiné à compléter une routine beauté quotidienne.,"Soin parfumé pour le corps

Ce soin parfumé pour le corps s’intègre dans une routine beauté et laisse la peau délicatement parfumée. Le produit et son conditionnement sont présentés sur le média associé.",produits/notes/PR166.txt,PR166,draft,1,0,media_unique_a_verifier,oui,c14b3dc0-0f54-481d-8718-1da672fe07ac.jpeg,2000,6000,oui,"Prix indicatif pour un soin corporel parfumé générique, contenance et marque non confirmées.",,Description enrichie ; informations d’étiquette à vérifier
PR167,Sac à main femme,Sacs,Sac à main,12000,1,,,,,,,Femme,"Sac à main femme au style élégant, conçu pour accompagner les tenues du quotidien comme les occasions habillées.","Sac à main femme

Ce sac à main pour femme présente une silhouette élégante et soignée. Son format permet de transporter les essentiels du quotidien tout en conservant une allure structurée et féminine. Il peut accompagner une tenue de travail, une sortie en ville ou une occasion plus habillée.",produits/notes/PR167.txt,PR167,draft,1,0,media_unique_a_verifier,oui,c1f06fd5-06b8-4b4d-9689-c5937bebd507.jpeg,10000,20000,oui,"Prix indicatif pour un sac à main femme générique, sans marque ni matière confirmées.",,Description enrichie ; marque et modèle à vérifier sur le média
PR168,Sac à main femme,Sacs,Sac à main,12000,1,,,,,,,Femme,"Sac à main femme au style élégant, conçu pour accompagner les tenues du quotidien comme les occasions habillées.","Sac à main femme

Ce sac à main pour femme présente une silhouette élégante et soignée. Son format permet de transporter les essentiels du quotidien tout en conservant une allure structurée et féminine. Il peut accompagner une tenue de travail, une sortie en ville ou une occasion plus habillée.",produits/notes/PR168.txt,PR168,draft,1,0,media_unique_a_verifier,oui,c5186698-d8c1-4abd-9885-2b26f23b2948.jpeg,10000,20000,oui,"Prix indicatif pour un sac à main femme générique, sans marque ni matière confirmées.",,Description enrichie ; marque et modèle à vérifier sur le média
PR169,Sac à main femme,Sacs,Sac à main,12000,1,,,,,,,Femme,"Sac à main femme au style élégant, conçu pour accompagner les tenues du quotidien comme les occasions habillées.","Sac à main femme

Ce sac à main pour femme présente une silhouette élégante et soignée. Son format permet de transporter les essentiels du quotidien tout en conservant une allure structurée et féminine. Il peut accompagner une tenue de travail, une sortie en ville ou une occasion plus habillée.",produits/notes/PR169.txt,PR169,draft,1,0,media_unique_a_verifier,oui,c54c3254-d15e-4534-8edb-69c76eae25a7.jpeg,10000,20000,oui,"Prix indicatif pour un sac à main femme générique, sans marque ni matière confirmées.",,Description enrichie ; marque et modèle à vérifier sur le média
PR170,Sac à main femme,Sacs,Sac à main,12000,1,,,,,,,Femme,"Sac à main femme au style élégant, conçu pour accompagner les tenues du quotidien comme les occasions habillées.","Sac à main femme

Ce sac à main pour femme présente une silhouette élégante et soignée. Son format permet de transporter les essentiels du quotidien tout en conservant une allure structurée et féminine. Il peut accompagner une tenue de travail, une sortie en ville ou une occasion plus habillée.",produits/notes/PR170.txt,PR170,draft,1,0,media_unique_a_verifier,oui,c5657fcf-5a21-4310-8106-ae87fcd9df1e.jpeg,10000,20000,oui,"Prix indicatif pour un sac à main femme générique, sans marque ni matière confirmées.",,Description enrichie ; marque et modèle à vérifier sur le média
PR171,Sac à main femme,Sacs,Sac à main,12000,1,,,,,,,Femme,"Sac à main femme au style élégant, conçu pour accompagner les tenues du quotidien comme les occasions habillées.","Sac à main femme

Ce sac à main pour femme présente une silhouette élégante et soignée. Son format permet de transporter les essentiels du quotidien tout en conservant une allure structurée et féminine. Il peut accompagner une tenue de travail, une sortie en ville ou une occasion plus habillée.",produits/notes/PR171.txt,PR171,draft,1,0,media_unique_a_verifier,oui,c574b61f-245e-4919-985a-18933c6f8c9f.jpeg,10000,20000,oui,"Prix indicatif pour un sac à main femme générique, sans marque ni matière confirmées.",,Description enrichie ; marque et modèle à vérifier sur le média
PR172,Sac à main femme,Sacs,Sac à main,12000,1,,,,,,,Femme,"Sac à main femme au style élégant, conçu pour accompagner les tenues du quotidien comme les occasions habillées.","Sac à main femme

Ce sac à main pour femme présente une silhouette élégante et soignée. Son format permet de transporter les essentiels du quotidien tout en conservant une allure structurée et féminine. Il peut accompagner une tenue de travail, une sortie en ville ou une occasion plus habillée.",produits/notes/PR172.txt,PR172,draft,1,0,media_unique_a_verifier,oui,c5fa05d2-a05d-4db0-b640-3f73a58bd8cd.jpeg,10000,20000,oui,"Prix indicatif pour un sac à main femme générique, sans marque ni matière confirmées.",,Description enrichie ; marque et modèle à vérifier sur le média
PR173,Bague fantaisie,Bijoux,Bague,5500,1,,,,,,,Femme,"Bague fantaisie décorative, idéale pour apporter une touche élégante à une tenue.","Bague fantaisie

Ce bijou fantaisie présente un style décoratif et peut être porté au quotidien ou lors d’une occasion particulière. Sa forme et ses détails sont visibles sur le média associé.",produits/notes/PR173.txt,PR173,draft,1,0,media_unique_a_verifier,oui,c7f08481-8a6b-4ce4-9575-d120ff50e325.jpeg,3000,10000,oui,"Prix indicatif pour une bague fantaisie sans métal, pierre ou marque confirmés.",,Description enrichie ; matière et dimensions à vérifier
PR174,Sac à main femme,Sacs,Sac à main,12000,1,,,,,,,Femme,"Sac à main femme au style élégant, conçu pour accompagner les tenues du quotidien comme les occasions habillées.","Sac à main femme

Ce sac à main pour femme présente une silhouette élégante et soignée. Son format permet de transporter les essentiels du quotidien tout en conservant une allure structurée et féminine. Il peut accompagner une tenue de travail, une sortie en ville ou une occasion plus habillée.",produits/notes/PR174.txt,PR174,draft,1,0,media_unique_a_verifier,oui,c8f105fb-b54a-41f4-8df2-66184d266a9e.jpeg,10000,20000,oui,"Prix indicatif pour un sac à main femme générique, sans marque ni matière confirmées.",,Description enrichie ; marque et modèle à vérifier sur le média
PR175,Sac à main femme,Sacs,Sac à main,12000,1,,,,,,,Femme,"Sac à main femme au style élégant, conçu pour accompagner les tenues du quotidien comme les occasions habillées.","Sac à main femme

Ce sac à main pour femme présente une silhouette élégante et soignée. Son format permet de transporter les essentiels du quotidien tout en conservant une allure structurée et féminine. Il peut accompagner une tenue de travail, une sortie en ville ou une occasion plus habillée.",produits/notes/PR175.txt,PR175,draft,1,0,media_unique_a_verifier,oui,c92f434a-4fc3-436f-bec1-3bcf18c92ab5.jpeg,10000,20000,oui,"Prix indicatif pour un sac à main femme générique, sans marque ni matière confirmées.",,Description enrichie ; marque et modèle à vérifier sur le média
PR176,Sac à main femme,Sacs,Sac à main,12000,1,,,,,,,Femme,"Sac à main femme au style élégant, conçu pour accompagner les tenues du quotidien comme les occasions habillées.","Sac à main femme

Ce sac à main pour femme présente une silhouette élégante et soignée. Son format permet de transporter les essentiels du quotidien tout en conservant une allure structurée et féminine. Il peut accompagner une tenue de travail, une sortie en ville ou une occasion plus habillée.",produits/notes/PR176.txt,PR176,draft,1,0,media_unique_a_verifier,oui,cacc1c73-1e9f-40ec-b482-686796a8ed77.jpeg,10000,20000,oui,"Prix indicatif pour un sac à main femme générique, sans marque ni matière confirmées.",,Description enrichie ; marque et modèle à vérifier sur le média
PR177,Sac à main femme,Sacs,Sac à main,12000,1,,,,,,,Femme,"Sac à main femme au style élégant, conçu pour accompagner les tenues du quotidien comme les occasions habillées.","Sac à main femme

Ce sac à main pour femme présente une silhouette élégante et soignée. Son format permet de transporter les essentiels du quotidien tout en conservant une allure structurée et féminine. Il peut accompagner une tenue de travail, une sortie en ville ou une occasion plus habillée.",produits/notes/PR177.txt,PR177,draft,1,0,media_unique_a_verifier,oui,caf4c5d2-00cd-4cf5-acba-7e167f151b6e.jpeg,10000,20000,oui,"Prix indicatif pour un sac à main femme générique, sans marque ni matière confirmées.",,Description enrichie ; marque et modèle à vérifier sur le média
PR178,Sac à main femme,Sacs,Sac à main,12000,1,,,,,,,Femme,"Sac à main femme au style élégant, conçu pour accompagner les tenues du quotidien comme les occasions habillées.","Sac à main femme

Ce sac à main pour femme présente une silhouette élégante et soignée. Son format permet de transporter les essentiels du quotidien tout en conservant une allure structurée et féminine. Il peut accompagner une tenue de travail, une sortie en ville ou une occasion plus habillée.",produits/notes/PR178.txt,PR178,draft,1,0,media_unique_a_verifier,oui,cb3336a8-451b-419a-8be5-39b84c4a5375.jpeg,10000,20000,oui,"Prix indicatif pour un sac à main femme générique, sans marque ni matière confirmées.",,Description enrichie ; marque et modèle à vérifier sur le média
PR179,Sac à main femme,Sacs,Sac à main,12000,1,,,,,,,Femme,"Sac à main femme au style élégant, conçu pour accompagner les tenues du quotidien comme les occasions habillées.","Sac à main femme

Ce sac à main pour femme présente une silhouette élégante et soignée. Son format permet de transporter les essentiels du quotidien tout en conservant une allure structurée et féminine. Il peut accompagner une tenue de travail, une sortie en ville ou une occasion plus habillée.",produits/notes/PR179.txt,PR179,draft,1,0,media_unique_a_verifier,oui,cbb06bc0-6f9f-424e-9c24-03d1e9c3ae37.jpeg,10000,20000,oui,"Prix indicatif pour un sac à main femme générique, sans marque ni matière confirmées.",,Description enrichie ; marque et modèle à vérifier sur le média
PR180,Soin parfumé pour le corps,Beauté et soins,Soin corporel,3000,1,,,,,,,Femme,Soin corporel parfumé destiné à compléter une routine beauté quotidienne.,"Soin parfumé pour le corps

Ce soin parfumé pour le corps s’intègre dans une routine beauté et laisse la peau délicatement parfumée. Le produit et son conditionnement sont présentés sur le média associé.",produits/notes/PR180.txt,PR180,draft,1,0,media_unique_a_verifier,oui,ccdee6b5-2d07-430c-b6d6-35d97f304675.jpeg,2000,6000,oui,"Prix indicatif pour un soin corporel parfumé générique, contenance et marque non confirmées.",,Description enrichie ; informations d’étiquette à vérifier
PR181,Sac à main femme,Sacs,Sac à main,12000,1,,,,,,,Femme,"Sac à main femme au style élégant, conçu pour accompagner les tenues du quotidien comme les occasions habillées.","Sac à main femme

Ce sac à main pour femme présente une silhouette élégante et soignée. Son format permet de transporter les essentiels du quotidien tout en conservant une allure structurée et féminine. Il peut accompagner une tenue de travail, une sortie en ville ou une occasion plus habillée.",produits/notes/PR181.txt,PR181,draft,1,0,media_unique_a_verifier,oui,cd007343-9dd9-4627-aca5-e723212f8f6b.jpeg,10000,20000,oui,"Prix indicatif pour un sac à main femme générique, sans marque ni matière confirmées.",,Description enrichie ; marque et modèle à vérifier sur le média
PR182,Déodorant corporel parfumé,Beauté et soins,Déodorant,3000,1,,,,,,,Mixte,Déodorant corporel parfumé pour une sensation de fraîcheur au quotidien.,"Déodorant corporel parfumé

Ce déodorant corporel parfumé est conçu pour compléter une routine de soin et apporter une sensation de fraîcheur. Son conditionnement et sa présentation sont visibles sur le média associé.",produits/notes/PR182.txt,PR182,draft,1,0,media_unique_a_verifier,oui,cd714b80-5fdf-4bf7-afaa-fefc64be7d23.jpeg,2500,5000,oui,"Prix indicatif pour un déodorant corporel générique, contenance et marque non confirmées.",,Description enrichie ; informations d’étiquette à vérifier
PR183,Soin parfumé pour le corps,Beauté et soins,Soin corporel,3000,1,,,,,,,Femme,Soin corporel parfumé destiné à compléter une routine beauté quotidienne.,"Soin parfumé pour le corps

Ce soin parfumé pour le corps s’intègre dans une routine beauté et laisse la peau délicatement parfumée. Le produit et son conditionnement sont présentés sur le média associé.",produits/notes/PR183.txt,PR183,draft,1,0,media_unique_a_verifier,oui,cd891e82-45f5-4069-8320-3d119cd207ab.jpeg,2000,6000,oui,"Prix indicatif pour un soin corporel parfumé générique, contenance et marque non confirmées.",,Description enrichie ; informations d’étiquette à vérifier
PR184,Sac à main femme,Sacs,Sac à main,12000,1,,,,,,,Femme,"Sac à main femme au style élégant, conçu pour accompagner les tenues du quotidien comme les occasions habillées.","Sac à main femme

Ce sac à main pour femme présente une silhouette élégante et soignée. Son format permet de transporter les essentiels du quotidien tout en conservant une allure structurée et féminine. Il peut accompagner une tenue de travail, une sortie en ville ou une occasion plus habillée.",produits/notes/PR184.txt,PR184,draft,1,0,media_unique_a_verifier,oui,ced0ab00-b19c-4525-9463-38cdd612bea3.jpeg,10000,20000,oui,"Prix indicatif pour un sac à main femme générique, sans marque ni matière confirmées.",,Description enrichie ; marque et modèle à vérifier sur le média
PR185,Sac à main femme,Sacs,Sac à main,12000,1,,,,,,,Femme,"Sac à main femme au style élégant, conçu pour accompagner les tenues du quotidien comme les occasions habillées.","Sac à main femme

Ce sac à main pour femme présente une silhouette élégante et soignée. Son format permet de transporter les essentiels du quotidien tout en conservant une allure structurée et féminine. Il peut accompagner une tenue de travail, une sortie en ville ou une occasion plus habillée.",produits/notes/PR185.txt,PR185,draft,1,0,media_unique_a_verifier,oui,cf02f2ed-be65-4a83-b816-8010bedf75b8.jpeg,10000,20000,oui,"Prix indicatif pour un sac à main femme générique, sans marque ni matière confirmées.",,Description enrichie ; marque et modèle à vérifier sur le média
PR186,Déodorant corporel parfumé,Beauté et soins,Déodorant,3000,1,,,,,,,Mixte,Déodorant corporel parfumé pour une sensation de fraîcheur au quotidien.,"Déodorant corporel parfumé

Ce déodorant corporel parfumé est conçu pour compléter une routine de soin et apporter une sensation de fraîcheur. Son conditionnement et sa présentation sont visibles sur le média associé.",produits/notes/PR186.txt,PR186,draft,1,0,media_unique_a_verifier,oui,cf17ce87-f0b5-42e7-b2ce-9270cffc90ef.jpeg,2500,5000,oui,"Prix indicatif pour un déodorant corporel générique, contenance et marque non confirmées.",,Description enrichie ; informations d’étiquette à vérifier
PR187,Bague fantaisie,Bijoux,Bague,5500,1,,,,,,,Femme,"Bague fantaisie décorative, idéale pour apporter une touche élégante à une tenue.","Bague fantaisie

Ce bijou fantaisie présente un style décoratif et peut être porté au quotidien ou lors d’une occasion particulière. Sa forme et ses détails sont visibles sur le média associé.",produits/notes/PR187.txt,PR187,draft,1,0,media_unique_a_verifier,oui,d0216c4e-f823-41e9-95c1-067425d114e1.jpeg,3000,10000,oui,"Prix indicatif pour une bague fantaisie sans métal, pierre ou marque confirmés.",,Description enrichie ; matière et dimensions à vérifier
PR188,Soin parfumé pour le corps,Beauté et soins,Soin corporel,3000,1,,,,,,,Femme,Soin corporel parfumé destiné à compléter une routine beauté quotidienne.,"Soin parfumé pour le corps

Ce soin parfumé pour le corps s’intègre dans une routine beauté et laisse la peau délicatement parfumée. Le produit et son conditionnement sont présentés sur le média associé.",produits/notes/PR188.txt,PR188,draft,1,0,media_unique_a_verifier,oui,d314b035-0971-4984-be5a-6dab7e9fbb39.jpeg,2000,6000,oui,"Prix indicatif pour un soin corporel parfumé générique, contenance et marque non confirmées.",,Description enrichie ; informations d’étiquette à vérifier
PR189,Déodorant corporel parfumé,Beauté et soins,Déodorant,3000,1,,,,,,,Mixte,Déodorant corporel parfumé pour une sensation de fraîcheur au quotidien.,"Déodorant corporel parfumé

Ce déodorant corporel parfumé est conçu pour compléter une routine de soin et apporter une sensation de fraîcheur. Son conditionnement et sa présentation sont visibles sur le média associé.",produits/notes/PR189.txt,PR189,draft,1,0,media_unique_a_verifier,oui,d4035615-e95a-4668-87e6-cad8c747f9df.jpeg,2500,5000,oui,"Prix indicatif pour un déodorant corporel générique, contenance et marque non confirmées.",,Description enrichie ; informations d’étiquette à vérifier
PR190,Sac à main femme,Sacs,Sac à main,12000,1,,,,,,,Femme,"Sac à main femme au style élégant, conçu pour accompagner les tenues du quotidien comme les occasions habillées.","Sac à main femme

Ce sac à main pour femme présente une silhouette élégante et soignée. Son format permet de transporter les essentiels du quotidien tout en conservant une allure structurée et féminine. Il peut accompagner une tenue de travail, une sortie en ville ou une occasion plus habillée.",produits/notes/PR190.txt,PR190,draft,1,0,media_unique_a_verifier,oui,d4cb886e-6293-401c-80bd-71ee97200126.jpeg,10000,20000,oui,"Prix indicatif pour un sac à main femme générique, sans marque ni matière confirmées.",,Description enrichie ; marque et modèle à vérifier sur le média
PR191,Sac à main femme,Sacs,Sac à main,12000,1,,,,,,,Femme,"Sac à main femme au style élégant, conçu pour accompagner les tenues du quotidien comme les occasions habillées.","Sac à main femme

Ce sac à main pour femme présente une silhouette élégante et soignée. Son format permet de transporter les essentiels du quotidien tout en conservant une allure structurée et féminine. Il peut accompagner une tenue de travail, une sortie en ville ou une occasion plus habillée.",produits/notes/PR191.txt,PR191,draft,1,0,media_unique_a_verifier,oui,d529ee1c-0e88-47c0-b880-fb0f9f4b9509.jpeg,10000,20000,oui,"Prix indicatif pour un sac à main femme générique, sans marque ni matière confirmées.",,Description enrichie ; marque et modèle à vérifier sur le média
PR192,Soin parfumé pour le corps,Beauté et soins,Soin corporel,3000,1,,,,,,,Femme,Soin corporel parfumé destiné à compléter une routine beauté quotidienne.,"Soin parfumé pour le corps

Ce soin parfumé pour le corps s’intègre dans une routine beauté et laisse la peau délicatement parfumée. Le produit et son conditionnement sont présentés sur le média associé.",produits/notes/PR192.txt,PR192,draft,1,0,media_unique_a_verifier,oui,d5a6b6f6-528b-450b-8ecd-62c7bcd956d7.jpeg,2000,6000,oui,"Prix indicatif pour un soin corporel parfumé générique, contenance et marque non confirmées.",,Description enrichie ; informations d’étiquette à vérifier
PR193,Sac à main femme,Sacs,Sac à main,12000,1,,,,,,,Femme,"Sac à main femme au style élégant, conçu pour accompagner les tenues du quotidien comme les occasions habillées.","Sac à main femme

Ce sac à main pour femme présente une silhouette élégante et soignée. Son format permet de transporter les essentiels du quotidien tout en conservant une allure structurée et féminine. Il peut accompagner une tenue de travail, une sortie en ville ou une occasion plus habillée.",produits/notes/PR193.txt,PR193,draft,1,0,media_unique_a_verifier,oui,d888f4ac-81f4-4002-b5c2-b242658e7357.jpeg,10000,20000,oui,"Prix indicatif pour un sac à main femme générique, sans marque ni matière confirmées.",,Description enrichie ; marque et modèle à vérifier sur le média
PR194,Eau de parfum,Parfums,Eau de parfum,10000,1,,,,,,,Mixte,"Eau de parfum présentée avec son flacon ou son emballage, destinée à compléter une collection de fragrances.","Eau de parfum

Cette fragrance est présentée avec son flacon ou son emballage visible sur le média associé. Elle convient à une utilisation quotidienne ou à des occasions particulières, selon son profil olfactif.

INFORMATIONS À CONFIRMER
• Nom commercial exact
• Marque
• Contenance
• Concentration et notes olfactives

Aucune pyramide olfactive ni comparaison avec une autre fragrance n’est ajoutée sans identification certaine du produit.",produits/notes/PR194.txt,PR194,draft,1,0,media_unique_a_verifier,oui,d8c7ce97-8f80-4faf-94b7-893069b1c713.jpeg,6800,15000,oui,Prix indicatif pour une eau de parfum générique/non identifiée. Marque et contenance à confirmer.,,Produit non identifié avec une certitude suffisante
PR195,Sac à main femme,Sacs,Sac à main,12000,1,,,,,,,Femme,"Sac à main femme au style élégant, conçu pour accompagner les tenues du quotidien comme les occasions habillées.","Sac à main femme

Ce sac à main pour femme présente une silhouette élégante et soignée. Son format permet de transporter les essentiels du quotidien tout en conservant une allure structurée et féminine. Il peut accompagner une tenue de travail, une sortie en ville ou une occasion plus habillée.",produits/notes/PR195.txt,PR195,draft,1,0,media_unique_a_verifier,oui,d92ed966-969d-4799-9661-30e023d8357b.jpeg,10000,20000,oui,"Prix indicatif pour un sac à main femme générique, sans marque ni matière confirmées.",,Description enrichie ; marque et modèle à vérifier sur le média
PR196,Soin parfumé pour le corps,Beauté et soins,Soin corporel,3000,1,,,,,,,Femme,Soin corporel parfumé destiné à compléter une routine beauté quotidienne.,"Soin parfumé pour le corps

Ce soin parfumé pour le corps s’intègre dans une routine beauté et laisse la peau délicatement parfumée. Le produit et son conditionnement sont présentés sur le média associé.",produits/notes/PR196.txt,PR196,draft,1,0,media_unique_a_verifier,oui,daf864fe-6383-4eeb-b2b5-3bb933730c31.jpeg,2000,6000,oui,"Prix indicatif pour un soin corporel parfumé générique, contenance et marque non confirmées.",,Description enrichie ; informations d’étiquette à vérifier
PR197,Bague fantaisie,Bijoux,Bague,5500,1,,,,,,,Femme,"Bague fantaisie décorative, idéale pour apporter une touche élégante à une tenue.","Bague fantaisie

Ce bijou fantaisie présente un style décoratif et peut être porté au quotidien ou lors d’une occasion particulière. Sa forme et ses détails sont visibles sur le média associé.",produits/notes/PR197.txt,PR197,draft,1,0,media_unique_a_verifier,oui,db8e43b2-1196-463b-b99e-7c551240efff.jpeg,3000,10000,oui,"Prix indicatif pour une bague fantaisie sans métal, pierre ou marque confirmés.",,Description enrichie ; matière et dimensions à vérifier
PR198,Eau de parfum,Parfums,Eau de parfum,10000,1,,,,,,,Mixte,"Eau de parfum présentée avec son flacon ou son emballage, destinée à compléter une collection de fragrances.","Eau de parfum

Cette fragrance est présentée avec son flacon ou son emballage visible sur le média associé. Elle convient à une utilisation quotidienne ou à des occasions particulières, selon son profil olfactif.

INFORMATIONS À CONFIRMER
• Nom commercial exact
• Marque
• Contenance
• Concentration et notes olfactives

Aucune pyramide olfactive ni comparaison avec une autre fragrance n’est ajoutée sans identification certaine du produit.",produits/notes/PR198.txt,PR198,draft,1,0,media_unique_a_verifier,oui,dd21b3fe-6e60-4894-abee-e8e9493b2fc6.jpeg,6800,15000,oui,Prix indicatif pour une eau de parfum générique/non identifiée. Marque et contenance à confirmer.,,Produit non identifié avec une certitude suffisante
PR199,Sac à main femme,Sacs,Sac à main,12000,1,,,,,,,Femme,"Sac à main femme au style élégant, conçu pour accompagner les tenues du quotidien comme les occasions habillées.","Sac à main femme

Ce sac à main pour femme présente une silhouette élégante et soignée. Son format permet de transporter les essentiels du quotidien tout en conservant une allure structurée et féminine. Il peut accompagner une tenue de travail, une sortie en ville ou une occasion plus habillée.",produits/notes/PR199.txt,PR199,draft,1,0,media_unique_a_verifier,oui,dd649e73-e281-42fc-9507-2b153c35a44a.jpeg,10000,20000,oui,"Prix indicatif pour un sac à main femme générique, sans marque ni matière confirmées.",,Description enrichie ; marque et modèle à vérifier sur le média
PR200,Sac à main femme,Sacs,Sac à main,12000,1,,,,,,,Femme,"Sac à main femme au style élégant, conçu pour accompagner les tenues du quotidien comme les occasions habillées.","Sac à main femme

Ce sac à main pour femme présente une silhouette élégante et soignée. Son format permet de transporter les essentiels du quotidien tout en conservant une allure structurée et féminine. Il peut accompagner une tenue de travail, une sortie en ville ou une occasion plus habillée.",produits/notes/PR200.txt,PR200,draft,1,0,media_unique_a_verifier,oui,ddd36cdb-3f69-4a69-a0c2-5978da575b66.jpeg,10000,20000,oui,"Prix indicatif pour un sac à main femme générique, sans marque ni matière confirmées.",,Description enrichie ; marque et modèle à vérifier sur le média
PR201,Sac à main femme,Sacs,Sac à main,12000,1,,,,,,,Femme,"Sac à main femme au style élégant, conçu pour accompagner les tenues du quotidien comme les occasions habillées.","Sac à main femme

Ce sac à main pour femme présente une silhouette élégante et soignée. Son format permet de transporter les essentiels du quotidien tout en conservant une allure structurée et féminine. Il peut accompagner une tenue de travail, une sortie en ville ou une occasion plus habillée.",produits/notes/PR201.txt,PR201,draft,1,0,media_unique_a_verifier,oui,df0f1677-d385-4051-af17-b1731a513678.jpeg,10000,20000,oui,"Prix indicatif pour un sac à main femme générique, sans marque ni matière confirmées.",,Description enrichie ; marque et modèle à vérifier sur le média
PR202,Sac à main femme,Sacs,Sac à main,12000,1,,,,,,,Femme,"Sac à main femme au style élégant, conçu pour accompagner les tenues du quotidien comme les occasions habillées.","Sac à main femme

Ce sac à main pour femme présente une silhouette élégante et soignée. Son format permet de transporter les essentiels du quotidien tout en conservant une allure structurée et féminine. Il peut accompagner une tenue de travail, une sortie en ville ou une occasion plus habillée.",produits/notes/PR202.txt,PR202,draft,1,0,media_unique_a_verifier,oui,df14edc1-b0a4-431e-b0ac-cd01f7cb810b.jpeg,10000,20000,oui,"Prix indicatif pour un sac à main femme générique, sans marque ni matière confirmées.",,Description enrichie ; marque et modèle à vérifier sur le média
PR203,Sac à main femme,Sacs,Sac à main,12000,1,,,,,,,Femme,"Sac à main femme au style élégant, conçu pour accompagner les tenues du quotidien comme les occasions habillées.","Sac à main femme

Ce sac à main pour femme présente une silhouette élégante et soignée. Son format permet de transporter les essentiels du quotidien tout en conservant une allure structurée et féminine. Il peut accompagner une tenue de travail, une sortie en ville ou une occasion plus habillée.",produits/notes/PR203.txt,PR203,draft,1,0,media_unique_a_verifier,oui,df387a78-9a09-4c16-89ea-424b050eca72.jpeg,10000,20000,oui,"Prix indicatif pour un sac à main femme générique, sans marque ni matière confirmées.",,Description enrichie ; marque et modèle à vérifier sur le média
PR204,Déodorant corporel parfumé,Beauté et soins,Déodorant,3000,1,,,,,,,Mixte,Déodorant corporel parfumé pour une sensation de fraîcheur au quotidien.,"Déodorant corporel parfumé

Ce déodorant corporel parfumé est conçu pour compléter une routine de soin et apporter une sensation de fraîcheur. Son conditionnement et sa présentation sont visibles sur le média associé.",produits/notes/PR204.txt,PR204,draft,1,0,media_unique_a_verifier,oui,e0018afe-2d62-4936-9277-934003f6029a.jpeg,2500,5000,oui,"Prix indicatif pour un déodorant corporel générique, contenance et marque non confirmées.",,Description enrichie ; informations d’étiquette à vérifier
PR205,Sac à main femme,Sacs,Sac à main,12000,1,,,,,,,Femme,"Sac à main femme au style élégant, conçu pour accompagner les tenues du quotidien comme les occasions habillées.","Sac à main femme

Ce sac à main pour femme présente une silhouette élégante et soignée. Son format permet de transporter les essentiels du quotidien tout en conservant une allure structurée et féminine. Il peut accompagner une tenue de travail, une sortie en ville ou une occasion plus habillée.",produits/notes/PR205.txt,PR205,draft,1,0,media_unique_a_verifier,oui,e0fb45bc-f886-4abe-a618-ffa303f79611.jpeg,10000,20000,oui,"Prix indicatif pour un sac à main femme générique, sans marque ni matière confirmées.",,Description enrichie ; marque et modèle à vérifier sur le média
PR206,Déodorant corporel parfumé,Beauté et soins,Déodorant,3000,1,,,,,,,Mixte,Déodorant corporel parfumé pour une sensation de fraîcheur au quotidien.,"Déodorant corporel parfumé

Ce déodorant corporel parfumé est conçu pour compléter une routine de soin et apporter une sensation de fraîcheur. Son conditionnement et sa présentation sont visibles sur le média associé.",produits/notes/PR206.txt,PR206,draft,1,0,media_unique_a_verifier,oui,e15b3137-741a-4469-8eef-bb236adebad8.jpeg,2500,5000,oui,"Prix indicatif pour un déodorant corporel générique, contenance et marque non confirmées.",,Description enrichie ; informations d’étiquette à vérifier
PR207,Sac à main femme,Sacs,Sac à main,12000,1,,,,,,,Femme,"Sac à main femme au style élégant, conçu pour accompagner les tenues du quotidien comme les occasions habillées.","Sac à main femme

Ce sac à main pour femme présente une silhouette élégante et soignée. Son format permet de transporter les essentiels du quotidien tout en conservant une allure structurée et féminine. Il peut accompagner une tenue de travail, une sortie en ville ou une occasion plus habillée.",produits/notes/PR207.txt,PR207,draft,1,0,media_unique_a_verifier,oui,e33d2ba0-58a8-41ca-9bca-c97e7b714375.jpeg,10000,20000,oui,"Prix indicatif pour un sac à main femme générique, sans marque ni matière confirmées.",,Description enrichie ; marque et modèle à vérifier sur le média
PR208,Soin parfumé pour le corps,Beauté et soins,Soin corporel,3000,1,,,,,,,Femme,Soin corporel parfumé destiné à compléter une routine beauté quotidienne.,"Soin parfumé pour le corps

Ce soin parfumé pour le corps s’intègre dans une routine beauté et laisse la peau délicatement parfumée. Le produit et son conditionnement sont présentés sur le média associé.",produits/notes/PR208.txt,PR208,draft,1,0,media_unique_a_verifier,oui,e3d4b866-b11f-47da-aaec-04fd55de22c5.jpeg,2000,6000,oui,"Prix indicatif pour un soin corporel parfumé générique, contenance et marque non confirmées.",,Description enrichie ; informations d’étiquette à vérifier
PR209,Sac à main femme,Sacs,Sac à main,12000,1,,,,,,,Femme,"Sac à main femme au style élégant, conçu pour accompagner les tenues du quotidien comme les occasions habillées.","Sac à main femme

Ce sac à main pour femme présente une silhouette élégante et soignée. Son format permet de transporter les essentiels du quotidien tout en conservant une allure structurée et féminine. Il peut accompagner une tenue de travail, une sortie en ville ou une occasion plus habillée.",produits/notes/PR209.txt,PR209,draft,1,0,media_unique_a_verifier,oui,e3daa670-b46d-4be9-937b-bf083b5a2d17.jpeg,10000,20000,oui,"Prix indicatif pour un sac à main femme générique, sans marque ni matière confirmées.",,Description enrichie ; marque et modèle à vérifier sur le média
PR210,Bracelet fantaisie,Bijoux,Bracelet,7500,1,,,,,,,Femme,"Bracelet fantaisie décoratif, conçu pour compléter une tenue avec élégance.","Bracelet fantaisie

Ce bijou fantaisie présente un style décoratif et peut être porté au quotidien ou lors d’une occasion particulière. Sa forme et ses détails sont visibles sur le média associé.",produits/notes/PR210.txt,PR210,draft,1,0,media_unique_a_verifier,oui,e99fffc0-c5d4-40ba-b1a0-d84997755a2c.jpeg,5500,12900,oui,"Prix indicatif pour un bracelet fantaisie sans métal, pierre ou marque confirmés.",,Description enrichie ; matière et dimensions à vérifier
PR211,Sac à main femme,Sacs,Sac à main,12000,1,,,,,,,Femme,"Sac à main femme au style élégant, conçu pour accompagner les tenues du quotidien comme les occasions habillées.","Sac à main femme

Ce sac à main pour femme présente une silhouette élégante et soignée. Son format permet de transporter les essentiels du quotidien tout en conservant une allure structurée et féminine. Il peut accompagner une tenue de travail, une sortie en ville ou une occasion plus habillée.",produits/notes/PR211.txt,PR211,draft,1,0,media_unique_a_verifier,oui,eb53c3ea-0c42-4fc1-8f52-fd325ab8ff19.jpeg,10000,20000,oui,"Prix indicatif pour un sac à main femme générique, sans marque ni matière confirmées.",,Description enrichie ; marque et modèle à vérifier sur le média
PR212,Sac à main femme,Sacs,Sac à main,12000,1,,,,,,,Femme,"Sac à main femme au style élégant, conçu pour accompagner les tenues du quotidien comme les occasions habillées.","Sac à main femme

Ce sac à main pour femme présente une silhouette élégante et soignée. Son format permet de transporter les essentiels du quotidien tout en conservant une allure structurée et féminine. Il peut accompagner une tenue de travail, une sortie en ville ou une occasion plus habillée.",produits/notes/PR212.txt,PR212,draft,1,0,media_unique_a_verifier,oui,eb8fc866-722b-4ee4-862e-3c99f5607983.jpeg,10000,20000,oui,"Prix indicatif pour un sac à main femme générique, sans marque ni matière confirmées.",,Description enrichie ; marque et modèle à vérifier sur le média
PR213,Soin parfumé pour le corps,Beauté et soins,Soin corporel,3000,1,,,,,,,Femme,Soin corporel parfumé destiné à compléter une routine beauté quotidienne.,"Soin parfumé pour le corps

Ce soin parfumé pour le corps s’intègre dans une routine beauté et laisse la peau délicatement parfumée. Le produit et son conditionnement sont présentés sur le média associé.",produits/notes/PR213.txt,PR213,draft,1,0,media_unique_a_verifier,oui,ef80c55c-1216-4c48-a4b6-c580fee5e33b.jpeg,2000,6000,oui,"Prix indicatif pour un soin corporel parfumé générique, contenance et marque non confirmées.",,Description enrichie ; informations d’étiquette à vérifier
PR214,Sac à main femme,Sacs,Sac à main,12000,1,,,,,,,Femme,"Sac à main femme au style élégant, conçu pour accompagner les tenues du quotidien comme les occasions habillées.","Sac à main femme

Ce sac à main pour femme présente une silhouette élégante et soignée. Son format permet de transporter les essentiels du quotidien tout en conservant une allure structurée et féminine. Il peut accompagner une tenue de travail, une sortie en ville ou une occasion plus habillée.",produits/notes/PR214.txt,PR214,draft,1,0,media_unique_a_verifier,oui,ef8a84f0-7ed4-4fac-9074-53e5115a4f73.jpeg,10000,20000,oui,"Prix indicatif pour un sac à main femme générique, sans marque ni matière confirmées.",,Description enrichie ; marque et modèle à vérifier sur le média
PR215,Sac à main femme,Sacs,Sac à main,12000,1,,,,,,,Femme,"Sac à main femme au style élégant, conçu pour accompagner les tenues du quotidien comme les occasions habillées.","Sac à main femme

Ce sac à main pour femme présente une silhouette élégante et soignée. Son format permet de transporter les essentiels du quotidien tout en conservant une allure structurée et féminine. Il peut accompagner une tenue de travail, une sortie en ville ou une occasion plus habillée.",produits/notes/PR215.txt,PR215,draft,1,0,media_unique_a_verifier,oui,efa217be-d520-4423-9f4b-72bb2334640a.jpeg,10000,20000,oui,"Prix indicatif pour un sac à main femme générique, sans marque ni matière confirmées.",,Description enrichie ; marque et modèle à vérifier sur le média
PR216,Eau de parfum,Parfums,Eau de parfum,10000,1,,,,,,,Mixte,"Eau de parfum présentée avec son flacon ou son emballage, destinée à compléter une collection de fragrances.","Eau de parfum

Cette fragrance est présentée avec son flacon ou son emballage visible sur le média associé. Elle convient à une utilisation quotidienne ou à des occasions particulières, selon son profil olfactif.

INFORMATIONS À CONFIRMER
• Nom commercial exact
• Marque
• Contenance
• Concentration et notes olfactives

Aucune pyramide olfactive ni comparaison avec une autre fragrance n’est ajoutée sans identification certaine du produit.",produits/notes/PR216.txt,PR216,draft,1,0,media_unique_a_verifier,oui,f0447049-a803-41c8-9b74-5246d218514b.jpeg,6800,15000,oui,Prix indicatif pour une eau de parfum générique/non identifiée. Marque et contenance à confirmer.,,Produit non identifié avec une certitude suffisante
PR217,Sac à main femme,Sacs,Sac à main,12000,1,,,,,,,Femme,"Sac à main femme au style élégant, conçu pour accompagner les tenues du quotidien comme les occasions habillées.","Sac à main femme

Ce sac à main pour femme présente une silhouette élégante et soignée. Son format permet de transporter les essentiels du quotidien tout en conservant une allure structurée et féminine. Il peut accompagner une tenue de travail, une sortie en ville ou une occasion plus habillée.",produits/notes/PR217.txt,PR217,draft,1,0,media_unique_a_verifier,oui,f0513987-322c-4d32-85be-0feb339eddcd.jpeg,10000,20000,oui,"Prix indicatif pour un sac à main femme générique, sans marque ni matière confirmées.",,Description enrichie ; marque et modèle à vérifier sur le média
PR218,Sac à main femme,Sacs,Sac à main,12000,1,,,,,,,Femme,"Sac à main femme au style élégant, conçu pour accompagner les tenues du quotidien comme les occasions habillées.","Sac à main femme

Ce sac à main pour femme présente une silhouette élégante et soignée. Son format permet de transporter les essentiels du quotidien tout en conservant une allure structurée et féminine. Il peut accompagner une tenue de travail, une sortie en ville ou une occasion plus habillée.",produits/notes/PR218.txt,PR218,draft,1,0,media_unique_a_verifier,oui,f062aa7e-d76e-433c-b9e3-d7b995eb72b9.jpeg,10000,20000,oui,"Prix indicatif pour un sac à main femme générique, sans marque ni matière confirmées.",,Description enrichie ; marque et modèle à vérifier sur le média
PR219,Déodorant corporel parfumé,Beauté et soins,Déodorant,3000,1,,,,,,,Mixte,Déodorant corporel parfumé pour une sensation de fraîcheur au quotidien.,"Déodorant corporel parfumé

Ce déodorant corporel parfumé est conçu pour compléter une routine de soin et apporter une sensation de fraîcheur. Son conditionnement et sa présentation sont visibles sur le média associé.",produits/notes/PR219.txt,PR219,draft,1,0,media_unique_a_verifier,oui,f0b63cb6-445d-4924-80b8-8a84b0902553.jpeg,2500,5000,oui,"Prix indicatif pour un déodorant corporel générique, contenance et marque non confirmées.",,Description enrichie ; informations d’étiquette à vérifier
PR220,Sac à main femme,Sacs,Sac à main,12000,1,,,,,,,Femme,"Sac à main femme au style élégant, conçu pour accompagner les tenues du quotidien comme les occasions habillées.","Sac à main femme

Ce sac à main pour femme présente une silhouette élégante et soignée. Son format permet de transporter les essentiels du quotidien tout en conservant une allure structurée et féminine. Il peut accompagner une tenue de travail, une sortie en ville ou une occasion plus habillée.",produits/notes/PR220.txt,PR220,draft,1,0,media_unique_a_verifier,oui,f131dd8b-1fe0-49fa-b2c4-dbd56f661907.jpeg,10000,20000,oui,"Prix indicatif pour un sac à main femme générique, sans marque ni matière confirmées.",,Description enrichie ; marque et modèle à vérifier sur le média
PR221,Sac à main femme,Sacs,Sac à main,12000,1,,,,,,,Femme,"Sac à main femme au style élégant, conçu pour accompagner les tenues du quotidien comme les occasions habillées.","Sac à main femme

Ce sac à main pour femme présente une silhouette élégante et soignée. Son format permet de transporter les essentiels du quotidien tout en conservant une allure structurée et féminine. Il peut accompagner une tenue de travail, une sortie en ville ou une occasion plus habillée.",produits/notes/PR221.txt,PR221,draft,1,0,media_unique_a_verifier,oui,f1334898-c375-42c2-88c9-6e50b4d8a33b.jpeg,10000,20000,oui,"Prix indicatif pour un sac à main femme générique, sans marque ni matière confirmées.",,Description enrichie ; marque et modèle à vérifier sur le média
PR222,Sac à main femme,Sacs,Sac à main,12000,1,,,,,,,Femme,"Sac à main femme au style élégant, conçu pour accompagner les tenues du quotidien comme les occasions habillées.","Sac à main femme

Ce sac à main pour femme présente une silhouette élégante et soignée. Son format permet de transporter les essentiels du quotidien tout en conservant une allure structurée et féminine. Il peut accompagner une tenue de travail, une sortie en ville ou une occasion plus habillée.",produits/notes/PR222.txt,PR222,draft,1,0,media_unique_a_verifier,oui,f1536d9f-aa5f-4927-8c20-34cba92f9ec9.jpeg,10000,20000,oui,"Prix indicatif pour un sac à main femme générique, sans marque ni matière confirmées.",,Description enrichie ; marque et modèle à vérifier sur le média
PR223,Sac à main femme,Sacs,Sac à main,12000,1,,,,,,,Femme,"Sac à main femme au style élégant, conçu pour accompagner les tenues du quotidien comme les occasions habillées.","Sac à main femme

Ce sac à main pour femme présente une silhouette élégante et soignée. Son format permet de transporter les essentiels du quotidien tout en conservant une allure structurée et féminine. Il peut accompagner une tenue de travail, une sortie en ville ou une occasion plus habillée.",produits/notes/PR223.txt,PR223,draft,1,0,media_unique_a_verifier,oui,f155ab2a-93b4-4e93-8e43-eaecdb531d03.jpeg,10000,20000,oui,"Prix indicatif pour un sac à main femme générique, sans marque ni matière confirmées.",,Description enrichie ; marque et modèle à vérifier sur le média
PR224,Eau de parfum,Parfums,Eau de parfum,10000,1,,,,,,,Mixte,"Eau de parfum présentée avec son flacon ou son emballage, destinée à compléter une collection de fragrances.","Eau de parfum

Cette fragrance est présentée avec son flacon ou son emballage visible sur le média associé. Elle convient à une utilisation quotidienne ou à des occasions particulières, selon son profil olfactif.

INFORMATIONS À CONFIRMER
• Nom commercial exact
• Marque
• Contenance
• Concentration et notes olfactives

Aucune pyramide olfactive ni comparaison avec une autre fragrance n’est ajoutée sans identification certaine du produit.",produits/notes/PR224.txt,PR224,draft,1,0,media_unique_a_verifier,oui,f679d106-5a99-4dce-8c01-66c3771a642e.jpeg,6800,15000,oui,Prix indicatif pour une eau de parfum générique/non identifiée. Marque et contenance à confirmer.,,Produit non identifié avec une certitude suffisante
PR225,Sac à main femme,Sacs,Sac à main,12000,1,,,,,,,Femme,"Sac à main femme au style élégant, conçu pour accompagner les tenues du quotidien comme les occasions habillées.","Sac à main femme

Ce sac à main pour femme présente une silhouette élégante et soignée. Son format permet de transporter les essentiels du quotidien tout en conservant une allure structurée et féminine. Il peut accompagner une tenue de travail, une sortie en ville ou une occasion plus habillée.",produits/notes/PR225.txt,PR225,draft,1,0,media_unique_a_verifier,oui,f69ab0d9-8bcf-4fb9-b07f-0516688c3c84.jpeg,10000,20000,oui,"Prix indicatif pour un sac à main femme générique, sans marque ni matière confirmées.",,Description enrichie ; marque et modèle à vérifier sur le média
PR226,Soin parfumé pour le corps,Beauté et soins,Soin corporel,3000,1,,,,,,,Femme,Soin corporel parfumé destiné à compléter une routine beauté quotidienne.,"Soin parfumé pour le corps

Ce soin parfumé pour le corps s’intègre dans une routine beauté et laisse la peau délicatement parfumée. Le produit et son conditionnement sont présentés sur le média associé.",produits/notes/PR226.txt,PR226,draft,1,0,media_unique_a_verifier,oui,f820fed7-661d-4c60-8414-33dcaaf49376.jpeg,2000,6000,oui,"Prix indicatif pour un soin corporel parfumé générique, contenance et marque non confirmées.",,Description enrichie ; informations d’étiquette à vérifier
PR227,Sac à main femme,Sacs,Sac à main,12000,1,,,,,,,Femme,"Sac à main femme au style élégant, conçu pour accompagner les tenues du quotidien comme les occasions habillées.","Sac à main femme

Ce sac à main pour femme présente une silhouette élégante et soignée. Son format permet de transporter les essentiels du quotidien tout en conservant une allure structurée et féminine. Il peut accompagner une tenue de travail, une sortie en ville ou une occasion plus habillée.",produits/notes/PR227.txt,PR227,draft,1,0,media_unique_a_verifier,oui,fa571c2c-21e0-4799-8d78-eba8ab807deb.jpeg,10000,20000,oui,"Prix indicatif pour un sac à main femme générique, sans marque ni matière confirmées.",,Description enrichie ; marque et modèle à vérifier sur le média
PR228,Sac à main femme,Sacs,Sac à main,12000,1,,,,,,,Femme,"Sac à main femme au style élégant, conçu pour accompagner les tenues du quotidien comme les occasions habillées.","Sac à main femme

Ce sac à main pour femme présente une silhouette élégante et soignée. Son format permet de transporter les essentiels du quotidien tout en conservant une allure structurée et féminine. Il peut accompagner une tenue de travail, une sortie en ville ou une occasion plus habillée.",produits/notes/PR228.txt,PR228,draft,1,0,media_unique_a_verifier,oui,fa728e53-97b7-4d93-b4e0-b44d71a7baae.jpeg,10000,20000,oui,"Prix indicatif pour un sac à main femme générique, sans marque ni matière confirmées.",,Description enrichie ; marque et modèle à vérifier sur le média
PR229,Sac à main femme,Sacs,Sac à main,12000,1,,,,,,,Femme,"Sac à main femme au style élégant, conçu pour accompagner les tenues du quotidien comme les occasions habillées.","Sac à main femme

Ce sac à main pour femme présente une silhouette élégante et soignée. Son format permet de transporter les essentiels du quotidien tout en conservant une allure structurée et féminine. Il peut accompagner une tenue de travail, une sortie en ville ou une occasion plus habillée.",produits/notes/PR229.txt,PR229,draft,1,0,media_unique_a_verifier,oui,fb944070-20d0-4208-9b17-bc93d8497976.jpeg,10000,20000,oui,"Prix indicatif pour un sac à main femme générique, sans marque ni matière confirmées.",,Description enrichie ; marque et modèle à vérifier sur le média
PR230,Sac à main femme,Sacs,Sac à main,12000,1,,,,,,,Femme,"Sac à main femme au style élégant, conçu pour accompagner les tenues du quotidien comme les occasions habillées.","Sac à main femme

Ce sac à main pour femme présente une silhouette élégante et soignée. Son format permet de transporter les essentiels du quotidien tout en conservant une allure structurée et féminine. Il peut accompagner une tenue de travail, une sortie en ville ou une occasion plus habillée.",produits/notes/PR230.txt,PR230,draft,1,0,media_unique_a_verifier,oui,fd04c1f2-ea27-4267-87d6-18b6a4122f07.jpeg,10000,20000,oui,"Prix indicatif pour un sac à main femme générique, sans marque ni matière confirmées.",,Description enrichie ; marque et modèle à vérifier sur le média
PR231,Déodorant corporel parfumé,Beauté et soins,Déodorant,3000,1,,,,,,,Mixte,Déodorant corporel parfumé pour une sensation de fraîcheur au quotidien.,"Déodorant corporel parfumé

Ce déodorant corporel parfumé est conçu pour compléter une routine de soin et apporter une sensation de fraîcheur. Son conditionnement et sa présentation sont visibles sur le média associé.",produits/notes/PR231.txt,PR231,draft,1,0,media_unique_a_verifier,oui,fe7c02a3-e1ee-488b-8e12-e4bf45cac4f7.jpeg,2500,5000,oui,"Prix indicatif pour un déodorant corporel générique, contenance et marque non confirmées.",,Description enrichie ; informations d’étiquette à vérifier
PR232,Sac à main femme,Sacs,Sac à main,12000,1,,,,,,,Femme,"Sac à main femme au style élégant, conçu pour accompagner les tenues du quotidien comme les occasions habillées.","Sac à main femme

Ce sac à main pour femme présente une silhouette élégante et soignée. Son format permet de transporter les essentiels du quotidien tout en conservant une allure structurée et féminine. Il peut accompagner une tenue de travail, une sortie en ville ou une occasion plus habillée.",produits/notes/PR232.txt,PR232,draft,1,0,media_unique_a_verifier,oui,ff3a4a66-9d7e-47fc-84f7-1d302ccbc8bb.jpeg,10000,20000,oui,"Prix indicatif pour un sac à main femme générique, sans marque ni matière confirmées.",,Description enrichie ; marque et modèle à vérifier sur le média
PR233,Sac à main femme – modèle présenté en vidéo,Sacs,Sac à main,12000,1,,,,,,,Femme,"Sac à main femme au style élégant, conçu pour accompagner les tenues du quotidien comme les occasions habillées.","Sac à main femme – modèle présenté en vidéo

Ce sac à main pour femme présente une silhouette élégante et soignée. Son format permet de transporter les essentiels du quotidien tout en conservant une allure structurée et féminine. Il peut accompagner une tenue de travail, une sortie en ville ou une occasion plus habillée.",produits/notes/PR233.txt,PR233,draft,0,2,regroupement_verifie,oui,17d42356-832c-4e9e-8186-11a07b20b10e.mp4 | 4db41baa-c08b-4302-b98e-274772b4fb5c.mp4,10000,20000,oui,"Prix indicatif pour un sac à main femme générique, sans marque ni matière confirmées.",,Description enrichie ; marque et modèle à vérifier sur le média
PR234,Sac à main femme – modèle présenté en vidéo,Sacs,Sac à main,12000,1,,,,,,,Femme,"Sac à main femme au style élégant, conçu pour accompagner les tenues du quotidien comme les occasions habillées.","Sac à main femme – modèle présenté en vidéo

Ce sac à main pour femme présente une silhouette élégante et soignée. Son format permet de transporter les essentiels du quotidien tout en conservant une allure structurée et féminine. Il peut accompagner une tenue de travail, une sortie en ville ou une occasion plus habillée.",produits/notes/PR234.txt,PR234,draft,0,2,regroupement_verifie,oui,3fd37db5-3240-41c8-83f8-a07febc7c9bc.mp4 | 428beeb5-0d90-4aae-9c8e-0a14546f45a5.mp4,10000,20000,oui,"Prix indicatif pour un sac à main femme générique, sans marque ni matière confirmées.",,Description enrichie ; marque et modèle à vérifier sur le média
PR235,Sac à main femme – modèle présenté en vidéo,Sacs,Sac à main,12000,1,,,,,,,Femme,"Sac à main femme au style élégant, conçu pour accompagner les tenues du quotidien comme les occasions habillées.","Sac à main femme – modèle présenté en vidéo

Ce sac à main pour femme présente une silhouette élégante et soignée. Son format permet de transporter les essentiels du quotidien tout en conservant une allure structurée et féminine. Il peut accompagner une tenue de travail, une sortie en ville ou une occasion plus habillée.",produits/notes/PR235.txt,PR235,draft,0,2,regroupement_verifie,oui,158c968d-b91f-4fbd-826f-c148f465adb7.mov | 98e543ce-6951-4956-9882-51754aa1ae0d.mov,10000,20000,oui,"Prix indicatif pour un sac à main femme générique, sans marque ni matière confirmées.",,Description enrichie ; marque et modèle à vérifier sur le média
PR236,Sac à main femme – modèle présenté en vidéo,Sacs,Sac à main,12000,1,,,,,,,,"Sac à main femme au style élégant, conçu pour accompagner les tenues du quotidien comme les occasions habillées.","Sac à main femme – modèle présenté en vidéo

Ce sac à main pour femme présente une silhouette élégante et soignée. Son format permet de transporter les essentiels du quotidien tout en conservant une allure structurée et féminine. Il peut accompagner une tenue de travail, une sortie en ville ou une occasion plus habillée.",produits/notes/PR236.txt,PR236,draft,0,2,regroupement_verifie,oui,89843e74-3620-4211-97e5-8c0f2c30778a.mov | b69feebf-721a-4e69-886a-97eba2f1942d.mov,10000,20000,oui,"Prix indicatif pour un sac à main générique, sans marque ni matière confirmées.",,Description enrichie ; marque et modèle à vérifier sur le média
PR237,Sac à main femme – modèle présenté en vidéo,Sacs,Sac à main,12000,1,,,,,,,Femme,"Sac à main femme au style élégant, conçu pour accompagner les tenues du quotidien comme les occasions habillées.","Sac à main femme – modèle présenté en vidéo

Ce sac à main pour femme présente une silhouette élégante et soignée. Son format permet de transporter les essentiels du quotidien tout en conservant une allure structurée et féminine. Il peut accompagner une tenue de travail, une sortie en ville ou une occasion plus habillée.",produits/notes/PR237.txt,PR237,draft,0,2,regroupement_verifie,oui,9c905817-8f0c-4272-a701-68f0aa2946bb.mov | bff15725-64a6-469b-8012-cae7ea543014.mov,10000,20000,oui,"Prix indicatif pour un sac à main femme générique, sans marque ni matière confirmées.",,Description enrichie ; marque et modèle à vérifier sur le média
PR238,Sac à main femme – modèle présenté en vidéo,Sacs,Sac à main,12000,1,,,,,,,Femme,"Sac à main femme au style élégant, conçu pour accompagner les tenues du quotidien comme les occasions habillées.","Sac à main femme – modèle présenté en vidéo

Ce sac à main pour femme présente une silhouette élégante et soignée. Son format permet de transporter les essentiels du quotidien tout en conservant une allure structurée et féminine. Il peut accompagner une tenue de travail, une sortie en ville ou une occasion plus habillée.",produits/notes/PR238.txt,PR238,draft,0,3,regroupement_verifie,oui,9dad060d-7391-4545-abd2-8da2b8a8389a.mov | c795d53b-4b24-431b-b9c6-74bb8d2853c9.mp4 | d36f1bd7-a397-444f-a904-462e7a9e9fab.mp4,10000,20000,oui,"Prix indicatif pour un sac à main femme générique, sans marque ni matière confirmées.",,Description enrichie ; marque et modèle à vérifier sur le média
PR239,Sac à main femme – modèle présenté en vidéo,Sacs,Sac à main,12000,1,,,,,,,Femme,"Sac à main femme au style élégant, conçu pour accompagner les tenues du quotidien comme les occasions habillées.","Sac à main femme – modèle présenté en vidéo

Ce sac à main pour femme présente une silhouette élégante et soignée. Son format permet de transporter les essentiels du quotidien tout en conservant une allure structurée et féminine. Il peut accompagner une tenue de travail, une sortie en ville ou une occasion plus habillée.",produits/notes/PR239.txt,PR239,draft,0,2,regroupement_verifie,oui,aa92095d-bc6b-4f72-b28a-6f39530dde88.mov | ffb82b19-3ab8-4866-b81f-fb0eb08b09a6.mov,10000,20000,oui,"Prix indicatif pour un sac à main femme générique, sans marque ni matière confirmées.",,Description enrichie ; marque et modèle à vérifier sur le média
PR240,Sac à main femme – modèle présenté en vidéo,Sacs,Sac à main,12000,1,,,,,,,,"Sac à main femme au style élégant, conçu pour accompagner les tenues du quotidien comme les occasions habillées.","Sac à main femme – modèle présenté en vidéo

Ce sac à main pour femme présente une silhouette élégante et soignée. Son format permet de transporter les essentiels du quotidien tout en conservant une allure structurée et féminine. Il peut accompagner une tenue de travail, une sortie en ville ou une occasion plus habillée.",produits/notes/PR240.txt,PR240,draft,0,2,regroupement_verifie,oui,IMG_7825.mov | IMG_7829.mov,10000,20000,oui,"Prix indicatif pour un sac à main générique, sans marque ni matière confirmées.",,Description enrichie ; marque et modèle à vérifier sur le média
PR241,Sac à main femme – modèle présenté en vidéo,Sacs,Sac à main,12000,1,,,,,,,Femme,"Sac à main femme au style élégant, conçu pour accompagner les tenues du quotidien comme les occasions habillées.","Sac à main femme – modèle présenté en vidéo

Ce sac à main pour femme présente une silhouette élégante et soignée. Son format permet de transporter les essentiels du quotidien tout en conservant une allure structurée et féminine. Il peut accompagner une tenue de travail, une sortie en ville ou une occasion plus habillée.",produits/notes/PR241.txt,PR241,draft,0,1,media_unique_a_verifier,oui,0659ff61-8e35-47aa-8830-7cc0b6cd16ac.mp4,10000,20000,oui,"Prix indicatif pour un sac à main femme générique, sans marque ni matière confirmées.",,Description enrichie ; marque et modèle à vérifier sur le média
PR242,Sac à main femme – modèle présenté en vidéo,Sacs,Sac à main,12000,1,,,,,,,,"Sac à main femme au style élégant, conçu pour accompagner les tenues du quotidien comme les occasions habillées.","Sac à main femme – modèle présenté en vidéo

Ce sac à main pour femme présente une silhouette élégante et soignée. Son format permet de transporter les essentiels du quotidien tout en conservant une allure structurée et féminine. Il peut accompagner une tenue de travail, une sortie en ville ou une occasion plus habillée.",produits/notes/PR242.txt,PR242,draft,0,1,media_unique_a_verifier,oui,1cab9426-4daa-49d8-96af-6f14af9c0d5d.mp4,10000,20000,oui,"Prix indicatif pour un sac à main générique, sans marque ni matière confirmées.",,Description enrichie ; marque et modèle à vérifier sur le média
PR243,Sac à main femme – modèle présenté en vidéo,Sacs,Sac à main,12000,1,,,,,,,Femme,"Sac à main femme au style élégant, conçu pour accompagner les tenues du quotidien comme les occasions habillées.","Sac à main femme – modèle présenté en vidéo

Ce sac à main pour femme présente une silhouette élégante et soignée. Son format permet de transporter les essentiels du quotidien tout en conservant une allure structurée et féminine. Il peut accompagner une tenue de travail, une sortie en ville ou une occasion plus habillée.",produits/notes/PR243.txt,PR243,draft,0,1,media_unique_a_verifier,oui,20f09295-80ef-47d0-85d4-f27b8aa7aeaf.mp4,10000,20000,oui,"Prix indicatif pour un sac à main femme générique, sans marque ni matière confirmées.",,Description enrichie ; marque et modèle à vérifier sur le média
PR244,Sac à main femme – modèle présenté en vidéo,Sacs,Sac à main,12000,1,,,,,,,Femme,"Sac à main femme au style élégant, conçu pour accompagner les tenues du quotidien comme les occasions habillées.","Sac à main femme – modèle présenté en vidéo

Ce sac à main pour femme présente une silhouette élégante et soignée. Son format permet de transporter les essentiels du quotidien tout en conservant une allure structurée et féminine. Il peut accompagner une tenue de travail, une sortie en ville ou une occasion plus habillée.",produits/notes/PR244.txt,PR244,draft,0,1,media_unique_a_verifier,oui,2e784337-5d40-4c02-b869-d77f64e9d669.mp4,10000,20000,oui,"Prix indicatif pour un sac à main femme générique, sans marque ni matière confirmées.",,Description enrichie ; marque et modèle à vérifier sur le média
PR245,Sac à main femme – modèle présenté en vidéo,Sacs,Sac à main,12000,1,,,,,,,Femme,"Sac à main femme au style élégant, conçu pour accompagner les tenues du quotidien comme les occasions habillées.","Sac à main femme – modèle présenté en vidéo

Ce sac à main pour femme présente une silhouette élégante et soignée. Son format permet de transporter les essentiels du quotidien tout en conservant une allure structurée et féminine. Il peut accompagner une tenue de travail, une sortie en ville ou une occasion plus habillée.",produits/notes/PR245.txt,PR245,draft,0,1,media_unique_a_verifier,oui,3025deb6-f34b-469e-8958-a7bb06e139d6.mov,10000,20000,oui,"Prix indicatif pour un sac à main femme générique, sans marque ni matière confirmées.",,Description enrichie ; marque et modèle à vérifier sur le média
PR246,Sac à main femme – modèle présenté en vidéo,Sacs,Sac à main,12000,1,,,,,,,,"Sac à main femme au style élégant, conçu pour accompagner les tenues du quotidien comme les occasions habillées.","Sac à main femme – modèle présenté en vidéo

Ce sac à main pour femme présente une silhouette élégante et soignée. Son format permet de transporter les essentiels du quotidien tout en conservant une allure structurée et féminine. Il peut accompagner une tenue de travail, une sortie en ville ou une occasion plus habillée.",produits/notes/PR246.txt,PR246,draft,0,1,media_unique_a_verifier,oui,49167756-e211-47cb-87d0-9217b7052a6a.mp4,10000,20000,oui,"Prix indicatif pour un sac à main générique, sans marque ni matière confirmées.",,Description enrichie ; marque et modèle à vérifier sur le média
PR247,Sac à main femme – modèle présenté en vidéo,Sacs,Sac à main,12000,1,,,,,,,Femme,"Sac à main femme au style élégant, conçu pour accompagner les tenues du quotidien comme les occasions habillées.","Sac à main femme – modèle présenté en vidéo

Ce sac à main pour femme présente une silhouette élégante et soignée. Son format permet de transporter les essentiels du quotidien tout en conservant une allure structurée et féminine. Il peut accompagner une tenue de travail, une sortie en ville ou une occasion plus habillée.",produits/notes/PR247.txt,PR247,draft,0,1,media_unique_a_verifier,oui,4b8bbe17-1cf6-427a-ab90-6f608057ff3c.mov,10000,20000,oui,"Prix indicatif pour un sac à main femme générique, sans marque ni matière confirmées.",,Description enrichie ; marque et modèle à vérifier sur le média
PR248,Sac à main femme – modèle présenté en vidéo,Sacs,Sac à main,12000,1,,,,,,,Femme,"Sac à main femme au style élégant, conçu pour accompagner les tenues du quotidien comme les occasions habillées.","Sac à main femme – modèle présenté en vidéo

Ce sac à main pour femme présente une silhouette élégante et soignée. Son format permet de transporter les essentiels du quotidien tout en conservant une allure structurée et féminine. Il peut accompagner une tenue de travail, une sortie en ville ou une occasion plus habillée.",produits/notes/PR248.txt,PR248,draft,0,1,media_unique_a_verifier,oui,61ac46fc-fc27-408b-a400-a42ff767f6af.mov,10000,20000,oui,"Prix indicatif pour un sac à main femme générique, sans marque ni matière confirmées.",,Description enrichie ; marque et modèle à vérifier sur le média
PR249,Sac à main femme – modèle présenté en vidéo,Sacs,Sac à main,12000,1,,,,,,,,"Sac à main femme au style élégant, conçu pour accompagner les tenues du quotidien comme les occasions habillées.","Sac à main femme – modèle présenté en vidéo

Ce sac à main pour femme présente une silhouette élégante et soignée. Son format permet de transporter les essentiels du quotidien tout en conservant une allure structurée et féminine. Il peut accompagner une tenue de travail, une sortie en ville ou une occasion plus habillée.",produits/notes/PR249.txt,PR249,draft,0,1,media_unique_a_verifier,oui,6777e049-4fd7-45a6-9d99-9c5cc4dd5615.mp4,10000,20000,oui,"Prix indicatif pour un sac à main générique, sans marque ni matière confirmées.",,Description enrichie ; marque et modèle à vérifier sur le média
PR250,Sac à main femme – modèle présenté en vidéo,Sacs,Sac à main,12000,1,,,,,,,Femme,"Sac à main femme au style élégant, conçu pour accompagner les tenues du quotidien comme les occasions habillées.","Sac à main femme – modèle présenté en vidéo

Ce sac à main pour femme présente une silhouette élégante et soignée. Son format permet de transporter les essentiels du quotidien tout en conservant une allure structurée et féminine. Il peut accompagner une tenue de travail, une sortie en ville ou une occasion plus habillée.",produits/notes/PR250.txt,PR250,draft,0,1,media_unique_a_verifier,oui,715732ec-da07-4820-96a1-ac46206a046e.mp4,10000,20000,oui,"Prix indicatif pour un sac à main femme générique, sans marque ni matière confirmées.",,Description enrichie ; marque et modèle à vérifier sur le média
PR251,Sac à main femme – modèle présenté en vidéo,Sacs,Sac à main,12000,1,,,,,,,Femme,"Sac à main femme au style élégant, conçu pour accompagner les tenues du quotidien comme les occasions habillées.","Sac à main femme – modèle présenté en vidéo

Ce sac à main pour femme présente une silhouette élégante et soignée. Son format permet de transporter les essentiels du quotidien tout en conservant une allure structurée et féminine. Il peut accompagner une tenue de travail, une sortie en ville ou une occasion plus habillée.",produits/notes/PR251.txt,PR251,draft,0,1,media_unique_a_verifier,oui,776ff9e6-b0ef-4cd4-886e-e2537b1327a1.mp4,10000,20000,oui,"Prix indicatif pour un sac à main femme générique, sans marque ni matière confirmées.",,Description enrichie ; marque et modèle à vérifier sur le média
PR252,Sac à main femme – modèle présenté en vidéo,Sacs,Sac à main,12000,1,,,,,,,Femme,"Sac à main femme au style élégant, conçu pour accompagner les tenues du quotidien comme les occasions habillées.","Sac à main femme – modèle présenté en vidéo

Ce sac à main pour femme présente une silhouette élégante et soignée. Son format permet de transporter les essentiels du quotidien tout en conservant une allure structurée et féminine. Il peut accompagner une tenue de travail, une sortie en ville ou une occasion plus habillée.",produits/notes/PR252.txt,PR252,draft,0,1,media_unique_a_verifier,oui,7cd8208f-9bd9-4554-9839-cc33185ff264.mp4,10000,20000,oui,"Prix indicatif pour un sac à main femme générique, sans marque ni matière confirmées.",,Description enrichie ; marque et modèle à vérifier sur le média
PR253,Sac à main femme – modèle présenté en vidéo,Sacs,Sac à main,12000,1,,,,,,,Femme,"Sac à main femme au style élégant, conçu pour accompagner les tenues du quotidien comme les occasions habillées.","Sac à main femme – modèle présenté en vidéo

Ce sac à main pour femme présente une silhouette élégante et soignée. Son format permet de transporter les essentiels du quotidien tout en conservant une allure structurée et féminine. Il peut accompagner une tenue de travail, une sortie en ville ou une occasion plus habillée.",produits/notes/PR253.txt,PR253,draft,0,1,media_unique_a_verifier,oui,8145b243-79de-48a6-9641-3e29f99275de.mp4,10000,20000,oui,"Prix indicatif pour un sac à main femme générique, sans marque ni matière confirmées.",,Description enrichie ; marque et modèle à vérifier sur le média
PR254,Sac à main femme – modèle présenté en vidéo,Sacs,Sac à main,12000,1,,,,,,,Femme,"Sac à main femme au style élégant, conçu pour accompagner les tenues du quotidien comme les occasions habillées.","Sac à main femme – modèle présenté en vidéo

Ce sac à main pour femme présente une silhouette élégante et soignée. Son format permet de transporter les essentiels du quotidien tout en conservant une allure structurée et féminine. Il peut accompagner une tenue de travail, une sortie en ville ou une occasion plus habillée.",produits/notes/PR254.txt,PR254,draft,0,1,media_unique_a_verifier,oui,9c6f823a-ae36-4b38-84b2-730134dd2565.mp4,10000,20000,oui,"Prix indicatif pour un sac à main femme générique, sans marque ni matière confirmées.",,Description enrichie ; marque et modèle à vérifier sur le média
PR255,Sac à main femme – modèle présenté en vidéo,Sacs,Sac à main,12000,1,,,,,,,Femme,"Sac à main femme au style élégant, conçu pour accompagner les tenues du quotidien comme les occasions habillées.","Sac à main femme – modèle présenté en vidéo

Ce sac à main pour femme présente une silhouette élégante et soignée. Son format permet de transporter les essentiels du quotidien tout en conservant une allure structurée et féminine. Il peut accompagner une tenue de travail, une sortie en ville ou une occasion plus habillée.",produits/notes/PR255.txt,PR255,draft,0,1,media_unique_a_verifier,oui,IMG_7591.mov,10000,20000,oui,"Prix indicatif pour un sac à main femme générique, sans marque ni matière confirmées.",,Description enrichie ; marque et modèle à vérifier sur le média
PR256,Sac à main femme – modèle présenté en vidéo,Sacs,Sac à main,12000,1,,,,,,,Femme,"Sac à main femme au style élégant, conçu pour accompagner les tenues du quotidien comme les occasions habillées.","Sac à main femme – modèle présenté en vidéo

Ce sac à main pour femme présente une silhouette élégante et soignée. Son format permet de transporter les essentiels du quotidien tout en conservant une allure structurée et féminine. Il peut accompagner une tenue de travail, une sortie en ville ou une occasion plus habillée.",produits/notes/PR256.txt,PR256,draft,0,1,media_unique_a_verifier,oui,IMG_7592.mov,10000,20000,oui,"Prix indicatif pour un sac à main femme générique, sans marque ni matière confirmées.",,Description enrichie ; marque et modèle à vérifier sur le média
PR257,Sac à main femme – modèle présenté en vidéo,Sacs,Sac à main,12000,1,,,,,,,Femme,"Sac à main femme au style élégant, conçu pour accompagner les tenues du quotidien comme les occasions habillées.","Sac à main femme – modèle présenté en vidéo

Ce sac à main pour femme présente une silhouette élégante et soignée. Son format permet de transporter les essentiels du quotidien tout en conservant une allure structurée et féminine. Il peut accompagner une tenue de travail, une sortie en ville ou une occasion plus habillée.",produits/notes/PR257.txt,PR257,draft,0,1,media_unique_a_verifier,oui,IMG_7593.mov,10000,20000,oui,"Prix indicatif pour un sac à main femme générique, sans marque ni matière confirmées.",,Description enrichie ; marque et modèle à vérifier sur le média
PR258,Sac à main femme – modèle présenté en vidéo,Sacs,Sac à main,12000,1,,,,,,,,"Sac à main femme au style élégant, conçu pour accompagner les tenues du quotidien comme les occasions habillées.","Sac à main femme – modèle présenté en vidéo

Ce sac à main pour femme présente une silhouette élégante et soignée. Son format permet de transporter les essentiels du quotidien tout en conservant une allure structurée et féminine. Il peut accompagner une tenue de travail, une sortie en ville ou une occasion plus habillée.",produits/notes/PR258.txt,PR258,draft,0,1,media_unique_a_verifier,oui,IMG_7594.mov,10000,20000,oui,"Prix indicatif pour un sac à main générique, sans marque ni matière confirmées.",,Description enrichie ; marque et modèle à vérifier sur le média
PR259,Sac à main femme – modèle présenté en vidéo,Sacs,Sac à main,12000,1,,,,,,,Femme,"Sac à main femme au style élégant, conçu pour accompagner les tenues du quotidien comme les occasions habillées.","Sac à main femme – modèle présenté en vidéo

Ce sac à main pour femme présente une silhouette élégante et soignée. Son format permet de transporter les essentiels du quotidien tout en conservant une allure structurée et féminine. Il peut accompagner une tenue de travail, une sortie en ville ou une occasion plus habillée.",produits/notes/PR259.txt,PR259,draft,0,1,media_unique_a_verifier,oui,IMG_7595.mov,10000,20000,oui,"Prix indicatif pour un sac à main femme générique, sans marque ni matière confirmées.",,Description enrichie ; marque et modèle à vérifier sur le média
PR260,Sac à main femme – modèle présenté en vidéo,Sacs,Sac à main,12000,1,,,,,,,,"Sac à main femme au style élégant, conçu pour accompagner les tenues du quotidien comme les occasions habillées.","Sac à main femme – modèle présenté en vidéo

Ce sac à main pour femme présente une silhouette élégante et soignée. Son format permet de transporter les essentiels du quotidien tout en conservant une allure structurée et féminine. Il peut accompagner une tenue de travail, une sortie en ville ou une occasion plus habillée.",produits/notes/PR260.txt,PR260,draft,0,1,media_unique_a_verifier,oui,IMG_7596.mov,10000,20000,oui,"Prix indicatif pour un sac à main générique, sans marque ni matière confirmées.",,Description enrichie ; marque et modèle à vérifier sur le média
PR261,Sac à main femme – modèle présenté en vidéo,Sacs,Sac à main,12000,1,,,,,,,,"Sac à main femme au style élégant, conçu pour accompagner les tenues du quotidien comme les occasions habillées.","Sac à main femme – modèle présenté en vidéo

Ce sac à main pour femme présente une silhouette élégante et soignée. Son format permet de transporter les essentiels du quotidien tout en conservant une allure structurée et féminine. Il peut accompagner une tenue de travail, une sortie en ville ou une occasion plus habillée.",produits/notes/PR261.txt,PR261,draft,0,1,media_unique_a_verifier,oui,IMG_7597.mov,10000,20000,oui,"Prix indicatif pour un sac à main générique, sans marque ni matière confirmées.",,Description enrichie ; marque et modèle à vérifier sur le média
PR262,Sac à main femme – modèle présenté en vidéo,Sacs,Sac à main,12000,1,,,,,,,Femme,"Sac à main femme au style élégant, conçu pour accompagner les tenues du quotidien comme les occasions habillées.","Sac à main femme – modèle présenté en vidéo

Ce sac à main pour femme présente une silhouette élégante et soignée. Son format permet de transporter les essentiels du quotidien tout en conservant une allure structurée et féminine. Il peut accompagner une tenue de travail, une sortie en ville ou une occasion plus habillée.",produits/notes/PR262.txt,PR262,draft,0,1,media_unique_a_verifier,oui,IMG_7600.mov,10000,20000,oui,"Prix indicatif pour un sac à main femme générique, sans marque ni matière confirmées.",,Description enrichie ; marque et modèle à vérifier sur le média
PR263,Sac à main femme – modèle présenté en vidéo,Sacs,Sac à main,12000,1,,,,,,,Femme,"Sac à main femme au style élégant, conçu pour accompagner les tenues du quotidien comme les occasions habillées.","Sac à main femme – modèle présenté en vidéo

Ce sac à main pour femme présente une silhouette élégante et soignée. Son format permet de transporter les essentiels du quotidien tout en conservant une allure structurée et féminine. Il peut accompagner une tenue de travail, une sortie en ville ou une occasion plus habillée.",produits/notes/PR263.txt,PR263,draft,0,1,media_unique_a_verifier,oui,IMG_7601.mov,10000,20000,oui,"Prix indicatif pour un sac à main femme générique, sans marque ni matière confirmées.",,Description enrichie ; marque et modèle à vérifier sur le média
PR264,Sac à main femme – modèle présenté en vidéo,Sacs,Sac à main,12000,1,,,,,,,Femme,"Sac à main femme au style élégant, conçu pour accompagner les tenues du quotidien comme les occasions habillées.","Sac à main femme – modèle présenté en vidéo

Ce sac à main pour femme présente une silhouette élégante et soignée. Son format permet de transporter les essentiels du quotidien tout en conservant une allure structurée et féminine. Il peut accompagner une tenue de travail, une sortie en ville ou une occasion plus habillée.",produits/notes/PR264.txt,PR264,draft,0,1,media_unique_a_verifier,oui,IMG_7602.mov,10000,20000,oui,"Prix indicatif pour un sac à main femme générique, sans marque ni matière confirmées.",,Description enrichie ; marque et modèle à vérifier sur le média
PR265,Sac à main femme – modèle présenté en vidéo,Sacs,Sac à main,12000,1,,,,,,,Femme,"Sac à main femme au style élégant, conçu pour accompagner les tenues du quotidien comme les occasions habillées.","Sac à main femme – modèle présenté en vidéo

Ce sac à main pour femme présente une silhouette élégante et soignée. Son format permet de transporter les essentiels du quotidien tout en conservant une allure structurée et féminine. Il peut accompagner une tenue de travail, une sortie en ville ou une occasion plus habillée.",produits/notes/PR265.txt,PR265,draft,0,1,media_unique_a_verifier,oui,IMG_7603.mov,10000,20000,oui,"Prix indicatif pour un sac à main femme générique, sans marque ni matière confirmées.",,Description enrichie ; marque et modèle à vérifier sur le média
PR266,Sac à main femme – modèle présenté en vidéo,Sacs,Sac à main,12000,1,,,,,,,Femme,"Sac à main femme au style élégant, conçu pour accompagner les tenues du quotidien comme les occasions habillées.","Sac à main femme – modèle présenté en vidéo

Ce sac à main pour femme présente une silhouette élégante et soignée. Son format permet de transporter les essentiels du quotidien tout en conservant une allure structurée et féminine. Il peut accompagner une tenue de travail, une sortie en ville ou une occasion plus habillée.",produits/notes/PR266.txt,PR266,draft,0,1,media_unique_a_verifier,oui,IMG_7604.mov,10000,20000,oui,"Prix indicatif pour un sac à main femme générique, sans marque ni matière confirmées.",,Description enrichie ; marque et modèle à vérifier sur le média
PR267,Sac à main femme – modèle présenté en vidéo,Sacs,Sac à main,12000,1,,,,,,,,"Sac à main femme au style élégant, conçu pour accompagner les tenues du quotidien comme les occasions habillées.","Sac à main femme – modèle présenté en vidéo

Ce sac à main pour femme présente une silhouette élégante et soignée. Son format permet de transporter les essentiels du quotidien tout en conservant une allure structurée et féminine. Il peut accompagner une tenue de travail, une sortie en ville ou une occasion plus habillée.",produits/notes/PR267.txt,PR267,draft,0,1,media_unique_a_verifier,oui,IMG_7605.mov,10000,20000,oui,"Prix indicatif pour un sac à main générique, sans marque ni matière confirmées.",,Description enrichie ; marque et modèle à vérifier sur le média
PR268,Sac à main femme – modèle présenté en vidéo,Sacs,Sac à main,12000,1,,,,,,,Femme,"Sac à main femme au style élégant, conçu pour accompagner les tenues du quotidien comme les occasions habillées.","Sac à main femme – modèle présenté en vidéo

Ce sac à main pour femme présente une silhouette élégante et soignée. Son format permet de transporter les essentiels du quotidien tout en conservant une allure structurée et féminine. Il peut accompagner une tenue de travail, une sortie en ville ou une occasion plus habillée.",produits/notes/PR268.txt,PR268,draft,0,1,media_unique_a_verifier,oui,IMG_7606.mov,10000,20000,oui,"Prix indicatif pour un sac à main femme générique, sans marque ni matière confirmées.",,Description enrichie ; marque et modèle à vérifier sur le média
PR269,Sac à main femme – modèle présenté en vidéo,Sacs,Sac à main,12000,1,,,,,,,Femme,"Sac à main femme au style élégant, conçu pour accompagner les tenues du quotidien comme les occasions habillées.","Sac à main femme – modèle présenté en vidéo

Ce sac à main pour femme présente une silhouette élégante et soignée. Son format permet de transporter les essentiels du quotidien tout en conservant une allure structurée et féminine. Il peut accompagner une tenue de travail, une sortie en ville ou une occasion plus habillée.",produits/notes/PR269.txt,PR269,draft,0,1,media_unique_a_verifier,oui,IMG_7813.mov,10000,20000,oui,"Prix indicatif pour un sac à main femme générique, sans marque ni matière confirmées.",,Description enrichie ; marque et modèle à vérifier sur le média
PR270,Sac à main femme – modèle présenté en vidéo,Sacs,Sac à main,12000,1,,,,,,,Femme,"Sac à main femme au style élégant, conçu pour accompagner les tenues du quotidien comme les occasions habillées.","Sac à main femme – modèle présenté en vidéo

Ce sac à main pour femme présente une silhouette élégante et soignée. Son format permet de transporter les essentiels du quotidien tout en conservant une allure structurée et féminine. Il peut accompagner une tenue de travail, une sortie en ville ou une occasion plus habillée.",produits/notes/PR270.txt,PR270,draft,0,1,media_unique_a_verifier,oui,IMG_7814.mov,10000,20000,oui,"Prix indicatif pour un sac à main femme générique, sans marque ni matière confirmées.",,Description enrichie ; marque et modèle à vérifier sur le média
PR271,Sac à main femme – modèle présenté en vidéo,Sacs,Sac à main,12000,1,,,,,,,,"Sac à main femme au style élégant, conçu pour accompagner les tenues du quotidien comme les occasions habillées.","Sac à main femme – modèle présenté en vidéo

Ce sac à main pour femme présente une silhouette élégante et soignée. Son format permet de transporter les essentiels du quotidien tout en conservant une allure structurée et féminine. Il peut accompagner une tenue de travail, une sortie en ville ou une occasion plus habillée.",produits/notes/PR271.txt,PR271,draft,0,1,media_unique_a_verifier,oui,IMG_7821.mov,10000,20000,oui,"Prix indicatif pour un sac à main générique, sans marque ni matière confirmées.",,Description enrichie ; marque et modèle à vérifier sur le média
PR272,Sac à main femme – modèle présenté en vidéo,Sacs,Sac à main,12000,1,,,,,,,,"Sac à main femme au style élégant, conçu pour accompagner les tenues du quotidien comme les occasions habillées.","Sac à main femme – modèle présenté en vidéo

Ce sac à main pour femme présente une silhouette élégante et soignée. Son format permet de transporter les essentiels du quotidien tout en conservant une allure structurée et féminine. Il peut accompagner une tenue de travail, une sortie en ville ou une occasion plus habillée.",produits/notes/PR272.txt,PR272,draft,0,1,media_unique_a_verifier,oui,IMG_7830.mov,10000,20000,oui,"Prix indicatif pour un sac à main générique, sans marque ni matière confirmées.",,Description enrichie ; marque et modèle à vérifier sur le média
PR273,Sac à main femme – modèle présenté en vidéo,Sacs,Sac à main,12000,1,,,,,,,Femme,"Sac à main femme au style élégant, conçu pour accompagner les tenues du quotidien comme les occasions habillées.","Sac à main femme – modèle présenté en vidéo

Ce sac à main pour femme présente une silhouette élégante et soignée. Son format permet de transporter les essentiels du quotidien tout en conservant une allure structurée et féminine. Il peut accompagner une tenue de travail, une sortie en ville ou une occasion plus habillée.",produits/notes/PR273.txt,PR273,draft,0,1,media_unique_a_verifier,oui,IMG_7831.mov,10000,20000,oui,"Prix indicatif pour un sac à main femme générique, sans marque ni matière confirmées.",,Description enrichie ; marque et modèle à vérifier sur le média
PR274,Sac à main femme – modèle présenté en vidéo,Sacs,Sac à main,12000,1,,,,,,,,"Sac à main femme au style élégant, conçu pour accompagner les tenues du quotidien comme les occasions habillées.","Sac à main femme – modèle présenté en vidéo

Ce sac à main pour femme présente une silhouette élégante et soignée. Son format permet de transporter les essentiels du quotidien tout en conservant une allure structurée et féminine. Il peut accompagner une tenue de travail, une sortie en ville ou une occasion plus habillée.",produits/notes/PR274.txt,PR274,draft,0,1,media_unique_a_verifier,oui,abd90bc8-40fb-428b-ad2b-f3557094a5d6.mp4,10000,20000,oui,"Prix indicatif pour un sac à main générique, sans marque ni matière confirmées.",,Description enrichie ; marque et modèle à vérifier sur le média
PR275,Sac à main femme – modèle présenté en vidéo,Sacs,Sac à main,12000,1,,,,,,,Femme,"Sac à main femme au style élégant, conçu pour accompagner les tenues du quotidien comme les occasions habillées.","Sac à main femme – modèle présenté en vidéo

Ce sac à main pour femme présente une silhouette élégante et soignée. Son format permet de transporter les essentiels du quotidien tout en conservant une allure structurée et féminine. Il peut accompagner une tenue de travail, une sortie en ville ou une occasion plus habillée.",produits/notes/PR275.txt,PR275,draft,0,1,media_unique_a_verifier,oui,df409d64-cf4d-4eeb-8f8c-dc25c1ab32e0.mp4,10000,20000,oui,"Prix indicatif pour un sac à main femme générique, sans marque ni matière confirmées.",,Description enrichie ; marque et modèle à vérifier sur le média
PR276,Sac à main femme – modèle présenté en vidéo,Sacs,Sac à main,12000,1,,,,,,,Femme,"Sac à main femme au style élégant, conçu pour accompagner les tenues du quotidien comme les occasions habillées.","Sac à main femme – modèle présenté en vidéo

Ce sac à main pour femme présente une silhouette élégante et soignée. Son format permet de transporter les essentiels du quotidien tout en conservant une allure structurée et féminine. Il peut accompagner une tenue de travail, une sortie en ville ou une occasion plus habillée.",produits/notes/PR276.txt,PR276,draft,0,1,media_unique_a_verifier,oui,f3705776-12be-4a4a-b08c-5b4b7fbdf71d.mov,10000,20000,oui,"Prix indicatif pour un sac à main femme générique, sans marque ni matière confirmées.",,Description enrichie ; marque et modèle à vérifier sur le média
